gene_symbol,ANEUPLOIDY_SCORE_rho,ANEUPLOIDY_SCORE_pval,FRACTION_GENOME_ALTERED_rho,FRACTION_GENOME_ALTERED_pval,n_samples
SCAP,0.2733588356838006,0.0004145510210861895,0.09397850455908319,0.22147231460339076,171
LARP4B,0.2472720868455223,0.001461463174803669,0.11783912799047408,0.12478447397786496,171
NBEAL2,0.2447685467746433,0.0016383710265077248,-0.17593669806846596,0.02134753799662463,171
RAB18,0.2394674220373028,0.0020790008577180694,0.019493855745470995,0.800214446289768,171
PLEKHG1,0.23941748993616616,0.002083619933315684,-0.0556843879355393,0.46944121303956865,171
ACLY,0.22928543441385524,0.003238771431756726,0.01716707296366316,0.823645645954823,171
CLCN7,0.2214058714539308,0.00450704914768318,-0.039312909084479854,0.6096943510968238,171
MAGED2,0.2108868421478109,0.006889044332282502,0.12353548583742703,0.10745033546560254,171
SHKBP1,0.20901300135237735,0.007415094970593816,-0.013395500873295947,0.8619504165118381,171
MAP4,0.20810728851787103,0.007681925795269452,-0.11696313447282597,0.12763186061687093,171
SMARCC1,0.20757745344469883,0.007841941686503595,0.09658968523634666,0.2088439946397585,171
ANKRD27,0.20141222595713254,0.009933195920662852,0.2319846833133853,0.0022648686001814655,171
NDEL1,0.1952955435678935,0.012479681305078372,0.013724298440194014,0.8585968971568206,171
MSL1,0.1949515668711744,0.012638536125206436,0.07438984951512698,0.33355446026173796,171
SCAF4,0.1923204225418351,0.013913420659280364,0.12276389154722464,0.10968108993405702,171
NISCH,0.19147018981970276,0.014348765585290711,-0.1881922073776993,0.013703318889398448,171
RPAP1,0.19077807541783648,0.014711890737823608,-0.04326807981621715,0.5741726741777148,171
LIG3,0.1888099184313671,0.015788701590212895,0.2486201602108592,0.0010420363217390754,171
KIF1C,0.18449633969428467,0.01839151175213603,0.12330748752461453,0.10810576201037489,171
CAPN15,0.17901351758891915,0.022230644586795172,0.009845927140140936,0.8982985856046711,171
PBRM1,0.17745591343401773,0.02343997303085351,-0.04897763756549084,0.5246786137456354,171
PHF23,0.17721734895080932,0.023630102315697912,-0.1320602227543754,0.08510676483325096,171
DOCK6,0.17497872641651638,0.02547973231750107,0.113432760597592,0.13961713868696465,171
QARS1,0.17429770803712494,0.026066474384936096,-0.03366695086456967,0.6620044701188693,171
SPEG,0.17403279050053885,0.026297824168756943,0.1432777397447517,0.061551230066342597,171
FAM83E,0.17223293811021412,0.027916633314160225,0.06817910455024769,0.3755907003308561,171
SENP3,0.1694986783167696,0.030538380358954908,0.2018997059422124,0.008093484299179535,171
RHBDF1,0.16908257747396424,0.030955172593857785,0.10074165451177476,0.1898430443716735,171
USP43,0.16814496357484277,0.03191210492815439,0.07783262403859612,0.3116029073768436,171
MLLT6,0.1646732955430366,0.035676953091689986,-0.21257122697295866,0.005249431301908316,171
KIF16B,0.1644624711160152,0.03591719019405158,-0.0317673649215053,0.6799953806934437,171
FLAD1,0.1617716856658738,0.039105313437624564,0.12767425521053444,0.09608657439483163,171
KIAA1217,0.15820858504724483,0.0436904160061705,-0.021530253594275562,0.7798519498636074,171
ELAC2,0.15723757348210454,0.045015211810805755,0.012139110170586925,0.8747869998945396,171
JUP,0.1565274280437167,0.04600520015865045,0.13035023540828145,0.08926150776052305,171
PLEKHA4,0.15505581806299504,0.04811461156531705,0.00040319701634215175,0.9958240401481488,171
GRN,0.1547811915067435,0.048517042532195694,-0.1982121332302498,0.009355416593416425,171
CUL7,0.15394205480708595,0.04976407876998536,0.23295067616503837,0.002168136712377078,171
CDK12,0.15326242343050386,0.05079348844986077,-0.031707365365502005,0.6805666537134709,171
APPL1,0.15267710824495764,0.05169414521021854,-0.02963378071002808,0.7004195155692206,171
ATF7IP,0.15038161859548133,0.05535503363281085,0.0836165812373139,0.2768980072272073,171
ZFP36L2,0.1496589901318093,0.05655085263914109,-0.15229807299428724,0.04674933837414248,171
DDX52,0.14869224917369148,0.0581838633900095,-0.01962465477755818,0.7989023381284429,171
MISP,0.1473171379417919,0.060573375859286106,-0.024591432778257108,0.7495260511907013,171
CCDC61,0.1466949651282257,0.06168068628323792,0.022995429833823373,0.7652924334628562,171
TDRD12,0.14663703942969908,0.06178461863160042,0.0332202052154175,0.666218700442101,171
ARHGAP23,0.14632186137251021,0.06235264136678687,-0.17459270801399213,0.022376167080749923,171
TADA2A,0.1461457120157226,0.06267196232257197,0.012646706414374811,0.8695967452048641,171
LPIN1,0.14554930080770154,0.06376308805740577,0.04468526932901501,0.5616854770609255,171
USP39,0.14457701183834634,0.0655751657396128,0.3992610454683354,6.32398782706745e-08,171
SETD2,0.14415813698992225,0.06636868958936293,-0.07318385843946074,0.3414723253852517,171
IRX2,0.1441443668174718,0.06639490849574503,0.06368836691910496,0.4079166069859554,171
MPRIP,0.14407491682136117,0.06652727264288968,0.06468192135379362,0.4006266191151617,171
ACTL8,0.14400330313515233,0.06666398593719905,-0.08212503348824475,0.2855871558795064,171
KDM1A,0.1432635201778907,0.06808971617612783,0.1900377937203607,0.012789792993276256,171
HOOK3,0.14257695378726182,0.06943501515801372,0.0758754385217686,0.3239636694516488,171
AMOTL2,0.14122462604814437,0.07214807674374629,0.0034223746744280257,0.9645654468348345,171
LATS2,0.14058383075022407,0.0734633527183221,-0.07209306651132079,0.34873566938619643,171
PRKD2,0.14043264744400477,0.07377648232717818,-0.15724203640895887,0.03998345763924178,171
ABHD15,0.13991252139049806,0.07486202928231703,-0.32630158536832704,1.3278475844813087e-05,171
BCL6B,0.13952693460949842,0.07567509386621604,-0.09417650309389407,0.2204961555753185,171
RASSF4,0.13696930142905472,0.08125056181838264,-0.2125112274169554,0.005262525274666057,171
SZRD1,0.13692214333353675,0.0813563831688767,-0.1352113994356685,0.07785726690200565,171
RABEP1,0.1334421532848745,0.08947618913740575,-0.12604106729612471,0.1004513224505663,171
SYMPK,0.13304130947297196,0.09045160225632712,0.12741025716411994,0.09678174375500213,171
CCDC80,0.13127704189947717,0.09484591500347912,-0.23356027165403184,0.002109041165693897,171
SSH2,0.13125901086295563,0.09489168481840078,-0.23109308991117625,0.002357610525416633,171
RBM17,0.13032555797226222,0.09728519343208672,0.15085928364132822,0.048888974629987106,171
STARD8,0.12982901096651447,0.09857775474654396,-0.3414646731614801,4.862930500926415e-06,171
PROSER2,0.12813964154472465,0.1030773222399821,0.0767142323146947,0.318627955274214,171
BICDL2,0.12784975795757023,0.10386542755854772,0.08690815687965474,0.25835994257893535,171
BAHD1,0.12623389968467605,0.10834570311436843,-0.14170575137746533,0.06448779084834905,171
P2RY8,0.12545301710301127,0.11056446721202512,-0.48556680680571707,1.6804113744905696e-11,171
SUCO,0.1253587009119754,0.11083484181465485,0.09040973096800713,0.23959518556793297,171
PTPN14,0.1245334342404114,0.11322273261775162,0.07171386931737997,0.3512832796169859,171
UBR4,0.12382744981045163,0.11529718617399025,-0.04150169288748011,0.5899166647937767,171
SON,0.12379277474021783,0.11539983268244476,-0.0014687891309606953,0.9847884193928382,171
SENP7,0.12345573305754548,0.1164012691225973,-0.13666458868206835,0.07468632712747961,171
MIEN1,0.12334199882717868,0.11674072444238559,0.06490031973764562,0.399034632571678,171
FGD1,0.12302021417540919,0.1177053075270064,0.31157529434287795,3.350583387598245e-05,171
SPAG7,0.12256250324832327,0.11908800386169008,-0.11398715649506247,0.1376801915037865,171
OTUD5,0.1225278281780895,0.11919326529655354,0.10740520520150086,0.16203743938683624,171
DENND4C,0.12222130055722287,0.12012692051582141,-0.03361055128192656,0.662535915930993,171
KCMF1,0.12157495724806518,0.12211420709249637,0.26312565287021616,0.0005069565655165059,171
SH2D3C,0.12125603060172084,0.1231041318434946,-0.4067276342520871,3.3867154340245754e-08,171
LSM14A,0.12116301741368786,0.1233940041430767,0.24421259282685703,0.0012866004760042783,171
STAT5A,0.12088700385462696,0.12425729872600959,-0.2491349564013675,0.0010164422256238315,171
PRKAR2A,0.12063595634613439,0.12504655319359828,-0.006160754410418473,0.9362593831949004,171
AKAP11,0.11976630558467115,0.12781056045092443,-0.12856584861274342,0.09376803329451353,171
NADK,0.11885504473892737,0.13075707070958204,-0.17650789384161733,0.02092288555330663,171
PPP2R5D,0.11734875968797191,0.13574163681874202,0.3173568515593556,2.3432064898900505e-05,171
TOMM34,0.11688688775245797,0.13729881572161795,0.11309556309285348,0.140805363479099,171
PIMREG,0.1167287694321919,0.13783502819874546,0.24899935740480003,0.001023127253303857,171
LUZP1,0.11655678108383236,0.13842009102588543,-0.0733326573383489,0.34048899798763294,171
BOK,0.11601862399380407,0.14026301860673984,0.06296713404321942,0.4132572298509554,171
DHX57,0.11530986555822556,0.14271862717281156,0.13942456825822,0.06895204242210586,171
BACH1,0.11520029233628683,0.1431011611323253,-0.1087527952293349,0.15680489372669745,171
PRKCQ,0.11382715955502909,0.14796124668495422,-0.3525909908267314,2.2485292918051703e-06,171
NET1,0.11351924493135311,0.1490680371275607,0.177739084730805,0.02003231025480347,171
BCL9,0.11259688806313453,0.15242088963438638,0.041462093180517925,0.5902718694995825,171
RALGAPB,0.11222378430741904,0.1537931931373368,0.036358530946877535,0.6368422892513309,171
CARMIL2,0.11211837209390836,0.1541825878073788,-0.19444896107772305,0.010819573049685342,171
ZC3H12D,0.11166143202139983,0.1558791184889703,-0.44439537811142893,1.137622311734406e-09,171
DSP,0.11154970094207434,0.15629608168099512,0.18196905342903738,0.017217800743591496,171
MPHOSPH10,0.11146648077351326,0.15660719073310467,0.2467637739481172,0.001139316619003199,171
LMNA,0.11022927426757194,0.16128736986230127,0.08592056418784048,0.2638301925983082,171
RBM5,0.10993106866356142,0.1624309335582352,-0.33311633493918147,8.510136049878857e-06,171
PKN3,0.10981594743038528,0.16287401998680712,0.023585825464895804,0.7594484833042608,171
MAGED1,0.10971608322811198,0.16325911504974763,0.22796711304340453,0.002710631752738346,171
CACNB3,0.1092403412645045,0.16510300598958724,0.17417751108644933,0.022702454088869756,171
ASAP3,0.10887139851721707,0.1665436201065515,0.05504119269518397,0.4745966227810755,171
PRKDC,0.10730547234545952,0.17276240180477936,0.04442127128260051,0.5640017354249177,171
ARFGEF2,0.10721115615442364,0.1731423799920704,0.014227094719501638,0.8534736113228563,171
TRANK1,0.10638866348847834,0.17648227792477858,-0.4235824654898317,7.809214827437935e-09,171
MYCT1,0.10620280511202528,0.17724353932977832,-0.2690716088701428,0.0003728100453887433,171
OPHN1,0.10558142785343591,0.17980624320317268,0.17539550207331625,0.021756729811649653,171
JCAD,0.1054108265078857,0.18051459252260785,-0.19028979185557454,0.012669298562570836,171
MYBL2,0.10532067132527786,0.18088975167172444,0.10412682946148073,0.17531081241030377,171
SEC16A,0.10410843086990489,0.18599001745230734,-0.0031931763704954336,0.9669371232526408,171
HLCS,0.10393782952435468,0.18671615903021752,0.20066251509742442,0.008498927323445317,171
WRNIP1,0.1029239304707189,0.19107452615856352,0.1310498302312799,0.0875425486515679,171
CYFIP1,0.10282822727687368,0.19148971706141985,-0.06620951004963756,0.389570831863395,171
PITPNM3,0.10228313517279865,0.19386704231647708,0.2221628892923528,0.0034954326492532078,171
MIIP,0.10177549214457608,0.196100277226473,-0.08815134768004304,0.25158542566295156,171
KAT6A,0.10161321281588197,0.19681810377017442,0.003832771637490573,0.9603195699755308,171
PPP1R13L,0.1012858801528751,0.19827182364972734,0.12788785362990615,0.09552702276146752,171
WWC3,0.10121791701521687,0.19857462807892676,0.03351095201896109,0.663474837894213,171
MORC3,0.1011943379674579,0.19867976089963396,-0.12661826302487642,0.09889119286709648,171
NPEPPS,0.1007477230628468,0.20067871881141308,0.0364797300500042,0.6357186934885772,171
HCN4,0.09996396883766626,0.2042217177541378,0.000361531534078683,0.9962555712239793,171
PCNT,0.09909857672252817,0.20818588849413333,0.13134982801129638,0.08681358627360018,171
CCNYL1,0.09904032260453541,0.20845470940974475,-0.14904849704114873,0.05169699103106566,171
RBM15B,0.0982580530200613,0.21208876083318687,-0.03314735470958112,0.6669069079317269,171
DTX2,0.09816651083464412,0.21251696768784423,-0.05861836622410049,0.44631817024609094,171
MAP3K9,0.09800700551156874,0.2132645629810603,0.09999286005285363,0.1931730728212693,171
FOXC1,0.09790714130929544,0.21373357881282928,0.15084608373900749,0.0489089752518394,171
IWS1,0.09770463889913017,0.2146869008670159,0.09040613099464692,0.23961397520616481,171
ZBTB37,0.09715677278943641,0.21728130507307963,-0.03913411040759003,0.6113227893520601,171
KIFAP3,0.09710961469391846,0.21750566055438014,-0.013913897037164431,0.8566642607470032,171
RNPS1,0.0968530191741885,0.21872931039039073,0.2154308058120758,0.004658211999610401,171
TRMT1L,0.09651875149713485,0.2203306987759149,-0.15150847883728388,0.04791367163631458,171
MEX3D,0.09616783978636897,0.22202076942085117,0.16513317801451244,0.03089686507138939,171
HASPIN,0.09550069143507102,0.2252592315757608,0.1385401748027314,0.07074912166039908,171
SRRM2,0.09512203966811812,0.2271120749990715,0.011750313047685562,0.8787661401615307,171
TP53BP1,0.09503604549393835,0.2275343629886221,-0.0718146685714655,0.3506049290054589,171
GMIP,0.094545046499428,0.22995611145431588,-0.3538953811742431,2.050130587467937e-06,171
GLCCI1,0.09437583215668716,0.23079491797289808,-0.3134556804280213,2.9851049049516845e-05,171
MARK4,0.0940901095779608,0.23221614839065405,0.208118059926394,0.006304474697443323,171
STK10,0.0935866275581663,0.2347355028493781,-0.5076766431929317,1.370692516743806e-12,171
KRT23,0.09353114744579223,0.23501428608603817,0.07119067318903123,0.354817470702768,171
CARD8,0.09349647237555846,0.23518864349028587,-0.42846402936625994,5.028405596834123e-09,171
HSPA4,0.09177242788353486,0.24397230659756494,-0.033323753404230806,0.6652409758746843,171
DOCK2,0.091500575332902,0.24537790453586328,-0.467454140839442,1.1503505120443747e-10,171
LRP1,0.09140209813343808,0.24588846092368558,-0.17906507491847784,0.019110021329764356,171
HBP1,0.09126346107503322,0.24660847646435705,0.055198424650712376,0.47333352129211426,171
SCARF1,0.09114411561089876,0.24722947163500059,-0.37860799830088077,3.290490268617097e-07,171
CWC25,0.09111082754347431,0.24740287412696965,-0.20993484648217384,0.005853111401670923,171
RTF1,0.09095687023163633,0.24820595789111083,-0.057785572386774745,0.4528153850328761,171
GATAD2B,0.09085700602936303,0.24872784218483146,0.15108008200742035,0.04855542639541873,171
BICRAL,0.09081400894227314,0.24895277632145668,0.08690455690629455,0.25837974016177484,171
ZBTB10,0.09072107975404661,0.24943940551967148,0.04481366837886207,0.5605605831661811,171
RLIM,0.08992632714428835,0.2536280792529268,0.08209019253259003,0.28579228457764966,171
PLPP6,0.08943671515258735,0.2562325530227685,0.020027851793900334,0.794861229594795,171
LIMD1,0.08869466864958442,0.26021482094283543,-0.1526172706322248,0.046285395697771445,171
IL10RB,0.08841588108490483,0.2617218702903664,-0.1365757893391835,0.0748770450717148,171
GABPA,0.08807467839380442,0.26357443655349017,0.05417119913313617,0.48161864518507813,171
SP100,0.08791794707634774,0.26442840896934405,-0.43744836288219346,2.19558309723879e-09,171
KMT2B,0.08759616242457824,0.26618761450092754,0.18623982182535204,0.014731391977609365,171
CAAP1,0.08741169105093452,0.2671997152765791,0.06953468544334024,0.366149639722554,171
RPA1,0.08668490157883449,0.27121272945777847,0.27084039578112,0.0003397702539901124,171
L3MBTL3,0.0862743487472665,0.27349761170984294,-0.0855893666387023,0.26568228835315894,171
PAK6,0.08613148745790332,0.2742957376155517,0.15061928541731504,0.04925368691799375,171
COG5,0.0857250956347634,0.27657474734158555,0.2095028496789501,0.005957738060709998,171
CCNE1,0.08550733619369526,0.2778011701475647,0.10173164718582915,0.18550497013738695,171
FBLN2,0.08543382504479966,0.27821601244118005,-0.09197211940633294,0.23153747275054334,171
SEC23A,0.08513839344640783,0.27988741997176536,-0.16581837294407006,0.030198256286866343,171
UBAC1,0.08465710347156294,0.28262477337444747,0.07032427960034363,0.3607186901657123,171
PRKCD,0.08465710347156294,0.28262477337444747,-0.26286165482380164,0.0005138381632563684,171
ZNF711,0.08434300576364735,0.28442087771825403,0.2349608022665446,0.001978777055417963,171
ZC3HAV1,0.08432977080855604,0.28449672676758775,-0.19731213989020036,0.009688652478295659,171
PDXDC1,0.08408011030287282,0.2859300624726621,0.2049608832895006,0.007163137431965183,171
ZNF213,0.0838332238028083,0.28735221821236434,0.19149818291348092,0.01210523270100769,171
TMEM131,0.08383050787056046,0.28736788921710416,-0.10789006634754884,0.16013993706913593,171
CEP89,0.08367787948816095,0.28824947752003965,0.3117564930020079,3.3136109746872013e-05,171
TRIM22,0.08337551287572238,0.2900012897957811,-0.431760404973081,3.7205483171063397e-09,171
SRSF5,0.08332974178301379,0.2902670897835956,-0.26709402350427414,0.0004132606013774918,171
FLNB,0.08263069236710076,0.2943467620841588,0.09978406159796215,0.19410917607838574,171
REXO1,0.08114937336671361,0.3031170621835415,-0.03470614317454676,0.6522427244072256,171
APBB1IP,0.08110776328243309,0.3033658783552965,-0.4964759260782364,4.9901184497547305e-12,171
QSOX2,0.08081233168404127,0.30513633907783716,0.11143477538268223,0.1467703959886491,171
NHSL2,0.0805612841755487,0.3066461420110136,-0.06876189116201778,0.3715137141052694,171
GPATCH2,0.08012715229622176,0.3092685677564754,0.0586039663306597,0.446430065226629,171
KCNQ1,0.07985951607649337,0.3108925505260789,-0.1383170594439958,0.07120845301858052,171
SLC43A2,0.07973879150960339,0.3116269128232437,-0.15283326903383668,0.04597363412861877,171
GPATCH8,0.07967498938037325,0.31201547565050103,0.05079682410351078,0.5093765741727033,171
GIT1,0.07953351509381942,0.3128781993948542,0.07367825478092789,0.33821208645811124,171
RASAL3,0.0788372396835251,0.31714680770540277,-0.48195243355207845,2.4891588148181626e-11,171
DOCK10,0.07871102242787413,0.3179246309477068,-0.4381455577229518,2.056750298210458e-09,171
PLEK,0.07861393223121954,0.3185237984734498,-0.4964207264867134,5.021415915002192e-12,171
NDRG3,0.07822418444179184,0.32093639613654124,-0.043456478422067506,0.5725051642387806,171
VPS8,0.07721860740501219,0.32721554254234325,-0.019063058933367325,0.8045399105985986,171
KMT2C,0.07709932516340798,0.32796558682147375,0.0446996692224558,0.561559266903387,171
RALY,0.0765667160846171,0.3313280918528879,0.08762695156057423,0.2544278898182986,171
PCYT1A,0.076507074963815,0.33170599245133875,-0.14131935423680408,0.06522688281696754,171
AFAP1L1,0.07644465983739418,0.33210176525411184,-0.1083327983373118,0.15842189352473915,171
FBXO42,0.07619916034013902,0.3336614027416592,-0.08085180169668199,0.2931475165957615,171
PIGB,0.07612981019967144,0.33410282484283094,-0.12452787849372156,0.1046337708591903,171
FLYWCH1,0.07608126510134415,0.3344120421748417,-0.07286826077488338,0.34356388652756614,171
EVI2B,0.07503685198590267,0.3411088618238733,-0.5398556050686197,2.545184975807078e-14,171
RNF19A,0.07501188593533435,0.341269979132721,-0.031400167638765124,0.6834944122547663,171
ROCK2,0.074623525148716,0.3437824607064106,0.12728665807875314,0.09710857666553424,171
UBR1,0.07453614397172688,0.3443493774882614,-0.28709187552017285,0.00014058385094378742,171
RASGRP2,0.07434612458684574,0.34558423526064513,-0.4703137196785591,8.55395349281675e-11,171
MB21D2,0.07423793836771635,0.3462885404980655,0.12591986819299802,0.10078137420305436,171
RIPK3,0.07421852032838543,0.34641505005608864,-0.4029918178606204,4.637762460405643e-08,171
USP42,0.07420881130871997,0.3464783157676331,-0.062465537755031865,0.41699555246970343,171
MLXIPL,0.0738606736035728,0.34875165845780143,0.0410864959599373,0.5936457747652738,171
ARHGAP30,0.07381767651648291,0.3490330797124525,-0.4724773036680379,6.823793166941341e-11,171
HIVEP1,0.07354656841645274,0.3508108049122455,0.029396200105839283,0.7027074710473167,171
CROCC,0.0721366291115492,0.3601475768917207,-0.05590158632827123,0.46770725707119887,171
MEF2D,0.07200763785027953,0.3610094191297415,-0.06300193378570133,0.4129986043371521,171
INTS1,0.07105060591182717,0.36744369441731994,0.09647448608882032,0.20938998597809316,171
TJP3,0.07102425285844949,0.36762186552608633,0.06174314310075218,0.4224140350167837,171
YOD1,0.07083562047637772,0.36889875152921453,0.124699477223891,0.1041526928399308,171
BLNK,0.07079401039209719,0.3691807850527325,-0.19958252308936508,0.008867462729154731,171
HMGN4,0.0705290928555111,0.37097951187991784,0.08411097757878107,0.27405767878004966,171
KATNA1,0.07020943734536458,0.37315705627041207,0.11170364041524516,0.14579193228814383,171
CEP350,0.06946664870354803,0.3782472468503555,-0.009529129484443531,0.9015540968373679,171
PPP1R3D,0.06937926752655892,0.37884882571405437,-0.1336874107131848,0.08129851614376998,171
ZFP36L1,0.06927246831023887,0.3795848804338777,-0.11944711609136242,0.11968583025197657,171
ZKSCAN1,0.06922531021472092,0.379910168687095,0.10764760340775416,0.16108672323253329,171
IQGAP3,0.06873431122021058,0.38330706980719614,0.19484615813846487,0.01065604122160983,171
CEP170,0.06833494908887418,0.386083539532453,0.03254859819869703,0.6725737507809967,171
HP1BP3,0.0669325945708633,0.3959290319231317,-0.028425389652121696,0.7120841692892738,171
NUP214,0.06686601843601443,0.39640014682128,0.029717780088432698,0.6996112252943704,171
MARCHF7,0.06675505821126634,0.3971860828916947,-0.04686685318529487,0.5427212442497603,171
RBM41,0.06660803591347512,0.3982288810915316,0.04330167956757899,0.5738751169260944,171
MAP3K2,0.0665830698629068,0.3984061221785437,-0.06367152883069813,0.40804082397776215,171
PDE4DIP,0.06633340935722358,0.4001811205311406,-0.10429122824492977,0.17462661641691418,171
ZNF106,0.06524738615750153,0.40795699049563694,-0.013875497321322322,0.8570556123862456,171
LBR,0.06515029596084694,0.4086564671652309,0.11237556842081392,0.1433682719691786,171
CAD,0.06512394290746927,0.4088464471011167,0.2628412549747605,0.0005143734986465388,171
PLCB3,0.06453030570506693,0.41313977907184707,0.002954378137602314,0.9694084449539337,171
SASH1,0.06427648419095566,0.4149835230749632,-0.05612358468548343,0.4659386226645484,171
SETX,0.06386038334815029,0.4180164546149777,-0.21676879591094927,0.004402684052307364,171
GAB3,0.06383403029477261,0.4182089747618523,-0.5341424473459858,5.3283299345628545e-14,171
SUPT6H,0.0636059564583936,0.419877309718128,-0.2077907116976249,0.006389024768636994,171
PLIN1,0.06342560190534288,0.42119932254724496,-0.2035114161223704,0.007591089518316531,171
PRKAG2,0.0633874153901615,0.4214795427207298,0.07968781031021806,0.3001746784336257,171
NKAP,0.06337493236487735,0.42157116911003817,0.1026484404015595,0.18155285594597462,171
SYTL4,0.063322226258122,0.42195816366135674,-0.09228531708867016,0.22994544194181,171
STX7,0.06328200317665082,0.4222536403688926,-0.1384513754598465,0.07093164503587754,171
KRT8,0.06313086360417654,0.4233649771373384,0.1565569354128392,0.04086879987855011,171
LAG3,0.06308366177491358,0.423712401745724,-0.4023102229044229,4.9095077121303964e-08,171
IQGAP2,0.06305176071029851,0.42394730006765136,-0.3763280151727555,3.9206683253127107e-07,171
ALKBH5,0.06278823017652177,0.4258906486786642,0.026434604383932324,0.731446593273184,171
SNX2,0.06236658132247899,0.42901069381109547,-0.3103549033737709,3.609896350147349e-05,171
TAOK1,0.06229168317077403,0.429566286002487,-0.03193536367831453,0.6783967853627211,171
N4BP1,0.06229168317077403,0.429566286002487,-0.35418457903417894,2.008458746007603e-06,171
JARID2,0.06219597997692878,0.430276811671441,0.04664965479256294,0.5445950577296889,171
CABLES1,0.062125242833651874,0.4308024169293938,0.1816618557023005,0.017409949936069723,171
PRAM1,0.062097502777464855,0.43100863732261696,-0.32896196568151315,1.1175576879831048e-05,171
GP1BA,0.061979029805681755,0.43189000703167896,-0.3205327593122241,1.9192175642855365e-05,171
CPSF1,0.06170220697679974,0.4339534348574694,0.13265541834992808,0.0836975239852157,171
RFX5,0.061685562943087524,0.43407767853550916,-0.17536670228643464,0.021778693293135365,171
HUWE1,0.061685562943087524,0.43407767853550916,0.12184709833149429,0.11237860809962728,171
JPH1,0.06152744462282148,0.4352590086836104,0.07149667092464804,0.35274776287913495,171
ZSCAN29,0.06108499072663844,0.43857440983338747,-0.1418017506670706,0.06430523186605204,171
STOML2,0.061051702659214,0.4388244246172788,0.16556517481773617,0.0304548279436584,171
SPN,0.06072575699901646,0.44127676826090817,-0.5159109822588243,5.142160648698116e-13,171
PRPSAP2,0.060692468931592025,0.44152765732006194,0.008948333782331622,0.9075267593917793,171
SMCHD1,0.06047887049895193,0.4431394531246621,-0.06351193001172935,0.40921931609736983,171
DOT1L,0.06030826915340173,0.4444291860154423,0.020475448481684925,0.7903815035361753,171
PLEKHF2,0.060121023774139325,0.4458471859514577,-0.14768170715539364,0.05390398051895712,171
ZNF497,0.060001741532535104,0.446751834078554,0.09079012815306803,0.23761554702263907,171
TRPS1,0.05976040304370799,0.44858532947294866,-0.0006167954357138867,0.9936118144407609,171
ARHGAP39,0.05974237200718642,0.4487224844538103,0.14651051582220928,0.055856619071376123,171
DLGAP4,0.05937759026832704,0.4515022944049742,0.06934148687300963,0.36748614816658615,171
USP31,0.05855509760238175,0.4578053513905638,0.1700543415979028,0.026171290148943514,171
MARCKS,0.05847326443663003,0.4584351327920633,-0.16730876191519198,0.02872502638036916,171
DGUOK,0.0582208299253281,0.46038087720745474,0.21114083755784008,0.005569662629331539,171
WDR81,0.05746352639142232,0.46624547914317965,-0.2615380646183689,0.0005496594326641598,171
CGN,0.057154224764936985,0.46865249383306723,0.12109350390809288,0.11463452946591783,171
PHKA2,0.056872663194638684,0.4708495434738853,0.07995420833887269,0.29855666100230893,171
ATP11C,0.05679221703169631,0.47147830463986706,-0.005164761780763752,0.9465473898318405,171
PKP2,0.05676586397831865,0.47168437781822076,0.2167555960086286,0.004405142196430602,171
USP54,0.05661745467771805,0.47284581321470764,0.2236663448690883,0.003274579532105137,171
STMN1,0.05652452548949152,0.4735738603601784,0.24660417512914845,0.0011480569049280923,171
CEP128,0.05583241108762525,0.4790153456237777,-0.2139680166367154,0.004952732889567721,171
EIF4EBP2,0.05563268268307867,0.4805918981380672,0.057694373061649734,0.4535300973379268,171
CARD11,0.05552310946113992,0.4814580006032028,-0.5214309414111274,2.6256424581407485e-13,171
OSBPL11,0.055463468340337815,0.48192977689714506,-0.03139296769204473,0.6835630884126325,171
BORCS6,0.0553275420650214,0.48300591805239673,-0.2364246504576292,0.0018504849245347954,171
ERMP1,0.054751935899140625,0.48757734148874277,0.12001111191779341,0.11793632399032533,171
ZC3H13,0.054695068783957225,0.4880302284088797,-0.050878423499675265,0.508695672120251,171
SNX3,0.05465623270529539,0.48833964617102565,-0.06938108657997182,0.36721196030603553,171
TRIM3,0.05446205231198621,0.48988830557277846,-0.03800251878136786,0.6216728997764053,171
COPB1,0.05429006396362666,0.4912621584586007,-0.029534181447062612,0.701378352705,171
ARHGEF2,0.05380461298035372,0.4951510017927542,0.13923016969676932,0.0693438374763232,171
TPGS1,0.05379490396068826,0.49522894448107896,-0.06833709430551445,0.37448275867633013,171
GCC2,0.05335106306169586,0.4987989602719247,-0.0021443841315578124,0.9777930981535002,171
AKAP12,0.05321929779480749,0.49986141128946426,-0.14251454539238978,0.06296291762052368,171
INF2,0.05291554417955957,0.5023151661917807,0.05583918679002781,0.4682050497472849,171
FLNC,0.05280597095762082,0.5032018570807401,-0.040851297700404375,0.5957629518019905,171
GARNL3,0.05270471975253818,0.5040219319113312,0.19074338849895944,0.012454916513235312,171
ARHGEF11,0.052391257117624795,0.5065652162165275,-0.010543121980899241,0.8911400419010486,171
PARP4,0.05224700882545227,0.5077378187696873,-0.12180029867781171,0.11251768711660051,171
MAP1A,0.052172110673747295,0.5083472262964772,-0.251219340976922,0.0009185984633603123,171
RSBN1L,0.052170723670937946,0.5083585152036213,-0.030650173188723925,0.690662030304563,171
UBR5,0.05174352680565777,0.5118416864590254,-0.002756379602791436,0.9714577526129692,171
RAI1,0.051478609269071676,0.5140078858801782,0.020505448259686573,0.790081497332022,171
STK11IP,0.051260849828003524,0.5157920102776716,0.12688106108017086,0.09818724405265122,171
CDCA2,0.05104725139536343,0.5175451303822932,0.15910202264506107,0.03766079165787487,171
ARHGAP20,0.05081978293462983,0.5194154427046418,-0.20586687658515032,0.006906674119059703,171
RASA2,0.05068524366212276,0.5205232882193698,-0.029842579164919555,0.6984109597532594,171
VPS35,0.05053406035590347,0.5217696244334177,-0.031653365765099035,0.6810809548000848,171
FOXO1,0.05037178102720938,0.5231091248679888,-0.36275611560480986,1.0826793010319999e-06,171
KCNN3,0.05004306136139313,0.5258278204802533,-0.3408466777346461,5.071442182409773e-06,171
ZC2HC1A,0.050005612285540645,0.526137998754234,0.08542016789077299,0.266631884060927,171
CAMSAP3,0.04987662102427098,0.5272070991299128,0.3326867381181979,8.754936970914255e-06,171
CYS1,0.049703245673102074,0.528645789704571,0.010688320906427217,0.8896502781337364,171
PLEKHG3,0.04956315838935759,0.529809696290463,0.02208823654705353,0.7742979175581955,171
FBL,0.04926495278534707,0.5322916081615867,0.2630644533230928,0.0005085442203309682,171
WNK3,0.049120704493174544,0.5334942501656855,0.06367032883957806,0.40804967733678327,171
UBA1,0.048803080849833105,0.5361471624006094,0.1466977144369396,0.05554065240958685,171
XRN2,0.048643575526757715,0.5374818877575295,0.03223296147609088,0.6755685097313153,171
HTT,0.04856035535819664,0.5381789220374315,-0.14207774862468575,0.0637827289100037,171
PDZD2,0.0482940508188012,0.5404124471822727,-0.07619943612418639,0.3218958653186296,171
DNAJB4,0.047833565886096586,0.5442853884476696,-0.04992803053258305,0.5166554007186124,171
ARHGAP35,0.04783079188047788,0.5443087607713104,0.07216146600516456,0.3482773736581493,171
VPS13D,0.04775311972315422,0.5449633864162294,-0.10941399033649121,0.15428445081706454,171
ATRX,0.04768931759392406,0.5455014041961704,-0.037852519891359626,0.623050509988576,171
PIK3R6,0.047364758936535856,0.5482423124269823,-0.401309430310288,5.336397120014546e-08,171
TOP2B,0.04685295489988525,0.5525781614940415,0.06803109656989764,0.37663046059068683,171
SYNPO2,0.0463536338885188,0.5568242562142213,-0.26018087466157436,0.0005887724830352151,171
POM121C,0.045424342006253456,0.564768393900984,0.22308074920249604,0.0033590583413562907,171
LYSMD1,0.04519548654271051,0.5667330413861643,0.19289977254171795,0.011478716684373695,171
NFATC2,0.045116552400214574,0.5674114166562452,-0.2718310408452361,0.00032247315409246843,171
PIKFYVE,0.04439657292452419,0.5736167738533337,-0.09202371902449578,0.2312746517169266,171
EPRS1,0.044296708722250895,0.5744799930853146,0.12453987840492224,0.10460007227272997,171
WDR48,0.044270355668873225,0.5747078885739852,-0.02857538854212993,0.7106325220843513,171
ZC3H3,0.04387228586258942,0.5781554526055819,0.023110628981349697,0.7641510986201235,171
LUC7L,0.04377658266874417,0.5789857439612353,-0.07672263225253514,0.31857481189130216,171
SRBD1,0.04360459432038462,0.5804792544298877,0.011530714672713499,0.8810149661091232,171
MAGI3,0.04339793090179129,0.5822762369956386,0.057400375237233583,0.4558383935132653,171
WDR7,0.04327448765175902,0.5833508286235666,-0.07054867793979595,0.35918443236739744,171
LRCH4,0.04293189795784926,0.5863379090530392,-0.07686663118694306,0.31766467715510965,171
CDC23,0.04288057885390326,0.5867859708127819,-0.06214874009933445,0.4193667464088289,171
VIM,0.04285977381176301,0.5869676622315609,-0.038847312529894276,0.613938827774544,171
PNKP,0.042757135603871003,0.5878643841293275,0.051558818464752645,0.5030366123148124,171
KIAA0513,0.042167659409896724,0.5930265858455631,-0.3245387984129502,1.4872310785656337e-05,171
DENND1A,0.04186806680307686,0.5956580609057357,-0.011407115587346707,0.8822811182689915,171
RPS6KA4,0.04183616573846177,0.5959385747703451,-0.29078664817885586,0.00011415494848245411,171
CRYBG3,0.04177929862327837,0.596438769111985,-0.20563407830785754,0.00697178066052916,171
MAP7D1,0.041435321926559264,0.5994683641623876,-0.1738895132176335,0.022931179911495455,171
SH2B3,0.04105667015960637,0.6028113216719713,-0.41614132055430286,1.5074356084907123e-08,171
PRR14,0.04089577783372163,0.6042342845887294,0.03027577595926335,0.6942504667815714,171
MCOLN1,0.040886068814056174,0.604320200816662,-0.012703105997017912,0.8690203896017755,171
HMOX1,0.0407570775527865,0.6054621743937071,-0.27277958143114656,0.0003066800211346956,171
TACC2,0.04028827060322578,0.6096206123784612,0.14737810940201695,0.05440464239066827,171
PHF13,0.04020921144309276,0.6103231248183744,0.11994031244170954,0.11815484515294689,171
JMJD1C,0.04013570029419714,0.6109766573267572,0.020318249644956286,0.7919540384466036,171
NUCKS1,0.040128765280150386,0.6110383271985483,0.19884332855940445,0.009127793132766963,171
SNX19,0.039734856482294634,0.6145456518421688,-0.2272147186111232,0.0028024518482259366,171
EXOC3L2,0.038644672274144545,0.6242979775775541,-0.12019351056804344,0.11737480182444957,171
PROX1,0.03835840785988146,0.6268697170860605,-0.09650814997012591,0.20923032870797936,171
RET,0.03825769849033555,0.627775540466301,-0.19806813429584189,0.009408043687948904,171
CLASRP,0.038076001122310535,0.6294112101872962,0.08152979667951925,0.2891052161337131,171
RAB11FIP5,0.03788875574304811,0.6310987102246023,0.18817060753753811,0.013714340048834085,171
MPDZ,0.037862402689670435,0.631336363509319,0.09294411221358637,0.2266219103345044,171
SLA2,0.037572519102516036,0.6339530373475983,-0.46754774014680717,1.1392986840639152e-10,171
ASH1L,0.03739359574010972,0.6355703820874239,0.07155547048953126,0.352350923158929,171
UBA2,0.03679579752927933,0.6409865336475749,0.27896313567284625,0.00022007552820823388,171
WNK4,0.0363450467941788,0.6450829890697347,0.08830259954232313,0.25076966711765886,171
ADD1,0.036333925593765366,0.6451841950163851,-0.2231047490248974,0.0033555578073830817,171
SOS1,0.03624654441677624,0.6459796139141637,0.02109224391739881,0.7842196276097261,171
HECA,0.036069008057179275,0.6475969379246727,-0.02450981862734657,0.7503298411169589,171
ADD3,0.03599272290266496,0.6482923889304948,-0.19336656908742356,0.011276483437122111,171
SEPTIN1,0.03544485679297121,0.6532958941357639,-0.49899350744813475,3.7475670370423816e-12,171
TOR4A,0.035311704523273486,0.6545142833849861,-0.4941515432786687,6.48680123362681e-12,171
EIF2S1,0.03466397421130646,0.6604542023402571,-0.09699048227044867,0.206952367787895,171
RUFY1,0.034650104183212946,0.6605816292110384,-0.11069198087936143,0.14949947218736823,171
PPL,0.03445453678709442,0.6623793844894926,0.1460521192143441,0.0566366018774827,171
SCEL,0.034120059071859735,0.6654585411310625,-0.0009676769419575751,0.9899778697223418,171
ING5,0.03407033700890413,0.6659167548310287,-2.2799831281252624e-05,0.9997638583480654,171
PTOV1,0.033824837511648956,0.6681809641910788,0.16330439154753193,0.03282911351924094,171
MINDY2,0.03375548737118139,0.6688211146319595,-0.044430871211561036,0.5639174280247702,171
NCOA6,0.033620948098674316,0.6700636865301299,0.1704071389872022,0.025857689964430913,171
PEX14,0.03327974540757391,0.6732189576802751,-0.0857405655198306,0.26483566850907,171
ZNF22,0.03296489576985118,0.6761355940443202,0.15697203840694407,0.04033042620604627,171
ZBTB42,0.032224236269657605,0.6830157036796317,-0.015629884338858705,0.8392127686932476,171
GPRIN3,0.03204808691287,0.6846558577102706,-0.2800563275832263,0.00020736755652441078,171
FBXW9,0.031802587415614834,0.6869441995081312,0.19658974523592063,0.009963671982616528,171
LRRFIP2,0.031644469095348786,0.6884195544021108,-0.08508297038603448,0.2685312357142125,171
SH3BP5,0.03128384836491746,0.691788788288515,0.021728239211033753,0.777879956070125,171
OSBPL5,0.030901035589536514,0.6953719836971723,-0.009213531819866191,0.9047989091350508,171
HSPB1,0.030808106401309987,0.6962428385961472,-0.10339243489600038,0.17839143775103866,171
RBBP8NL,0.02995789443243275,0.7042286140695347,0.24315914651780368,0.0013523458667250557,171
NSD3,0.029841365443192158,0.7053256796287111,0.028577788524370068,0.7106093041661712,171
POLR3C,0.029636089027408177,0.7072597363037907,-0.021544640569663664,0.7797086039621643,171
RRAD,0.02955148185603775,0.7080574271035975,-0.2382138372176475,0.001703984878719394,171
ETV6,0.028913460563736178,0.71408296842305,0.12012871104755989,0.11757405127797248,171
FAM83G,0.0288926555215959,0.7142797535498657,0.036407730582800245,0.6363860761293785,171
SLC66A2,0.028676283083337112,0.7163274326098318,0.06055875186524711,0.4313857382581651,171
TBKBP1,0.028584740897919927,0.7171943680735015,-0.12015151087884113,0.1175039150119065,171
FOXO3,0.028469619664743775,0.7182851175172809,0.09823847303531723,0.20114127774945248,171
KIF4A,0.02825881481394439,0.7202839226180325,0.1970542600310318,0.009786049254565159,171
HDLBP,0.02811870795397791,0.7216134343541016,0.16623356987161286,0.029781511966707565,171
PRRC2B,0.02793423658033419,0.7233652038452506,0.018842260567275195,0.8067591714154012,171
TTC7A,0.02778721428254296,0.7247623803903372,0.02114984349116197,0.7836448769363267,171
ASH2L,0.027777505262877502,0.7248546787929401,0.013114702951200522,0.8648163271092977,171
PLCL1,0.027340599377931856,0.7290121880442874,-0.16491357963954034,0.031123652240169053,171
ZMYM5,0.027326729349838343,0.7291443025919888,-0.02903258515887505,0.7062143345621296,171
RERE,0.027095099880676685,0.7313517904084645,-0.048896038169326354,0.5253704115725091,171
SNRNP27,0.02702574974020912,0.7320131446870473,0.1564704421187565,0.040981735164111854,171
EPB41,0.02693420755479194,0.7328864343056698,-0.04324407999381583,0.5743852593922325,171
WBP1,0.026905080495795562,0.7331643710959405,0.2201575708340155,0.003810899991700624,171
ARHGAP45,0.026164420995601997,0.7402434615220606,-0.4854552076315509,1.701038714255822e-11,171
RTN4,0.02611171488884665,0.7407480567123161,0.13736898346954707,0.07318736502878294,171
FOSL2,0.025576331804437063,0.7458799093601219,-0.026473004099774433,0.7310714624958965,171
CLIC6,0.025203228048721577,0.7494628827218102,-0.16062481137642473,0.03584488757325689,171
TMPRSS13,0.024398766419297852,0.7572064115395063,0.09031253168728177,0.24010286726583177,171
TBC1D9,0.02435438232939861,0.7576343523017149,-0.3374711027139007,6.368528335113591e-06,171
KNL1,0.024334964290067696,0.7578215995362316,0.02524421319282692,0.7431068062133467,171
FRMD8,0.024156040927661382,0.7595476102042227,0.08836854607277499,0.250414566002229,171
ARHGEF17,0.023967408545589614,0.7613685658256967,0.13455620428411252,0.07932204586127978,171
WDR13,0.0238994454079314,0.7620249669846422,0.1792210737640864,0.01900397410834796,171
DMXL2,0.023863383334888272,0.7623733303931756,-0.25433211794237304,0.0007884949536960592,171
ARVCF,0.023749649104521466,0.7634723271088802,0.12772945480205747,0.0959417226594071,171
SRCIN1,0.023701104006194178,0.7639415550317747,0.0978412759745754,0.2029778260206461,171
MCM4,0.02349721459321954,0.7659132484350895,0.1532508659436196,0.04537586470466257,171
PPP1R3F,0.02310191879255443,0.7697401913764795,-0.06732070182681861,0.38164545670203925,171
ANK3,0.0230062155987092,0.7706675542810886,0.16167000364200215,0.034641806652203636,171
PUSL1,0.022834227250349642,0.772334935208861,0.021745039086714674,0.7777126895145218,171
MAPKBP1,0.022407030385069453,0.7764809874341179,-0.09939652410363611,0.19585535595190537,171
EXOC1,0.0222322680310912,0.7781789270562958,-0.10950038969713596,0.15395736757070505,171
KRT5,0.021651113853973024,0.7838327574526969,0.07242786403381919,0.3464960509875757,171
IRF2BP1,0.021630308811832755,0.7840353735856944,0.1515396786064056,0.04786721048953445,171
SLC38A1,0.020917389367826212,0.7909870308086687,0.08475897278361667,0.2703648915806923,171
CCAR2,0.02090768034816075,0.7910818183228053,0.034923341567278686,0.6502098201278029,171
SHROOM4,0.020884101300401785,0.7913120293114693,0.0011327916173422357,0.9882679073089515,171
CD163L1,0.020695468918330014,0.7931543648204534,-0.0614251454539347,0.4248121486581901,171
LMOD1,0.020621957769434394,0.7938726442318831,-0.17212672626225664,0.024374854901410864,171
IRX3,0.020419455359269114,0.7958521948289455,0.032694958057316266,0.6711868309810065,171
DCP1B,0.01996867944622996,0.8002633875612659,0.04952363352512083,0.5200616003793532,171
LRBA,0.019875750258003422,0.8011735621071711,-0.02213623619185617,0.7738206702001176,171
PDLIM5,0.01948322846295702,0.8050209673752505,-0.055241591212234986,0.47298706953491165,171
SYNPO,0.019312627117406816,0.8066946263769758,-0.16760035975736798,0.028444076659528965,171
REM1,0.019104576696004127,0.8087368605630825,-0.06493391948900748,0.3987900469541332,171
SPTBN4,0.019068514622960994,0.8090909795277412,0.03217296192008759,0.6761383629790845,171
IRF2BPL,0.019049096583630076,0.8092816750184381,-0.06717910287465083,0.38264989934504123,171
CETN2,0.019035226555536567,0.8094178929531569,0.16465558154872617,0.031391903592811375,171
MYO5B,0.01888543025212663,0.8108894103392743,0.19323097009085613,0.011334904226909769,171
LILRB4,0.018782792044234636,0.8118980549091046,-0.429868018976737,4.4246751894937125e-09,171
CRACR2B,0.018669057813867834,0.8130161033690045,0.01747427069040004,0.8205426744899523,171
SRC,0.01850816548798309,0.8145983773867176,0.0047087651551387,0.9512606146889876,171
CKAP5,0.01823215192892219,0.8173145383270676,0.2317014854090497,0.002293960935316718,171
FILIP1L,0.017731443914746393,0.8222473750611782,-0.31834444425116987,2.20271842999286e-05,171
ZRANB2,0.01740827226016755,0.8254348858517211,-0.0042683684140745045,0.9558142040544503,171
PPP1R3E,0.017202995844383562,0.8274610558674174,-0.04266808425618419,0.579498347168743,171
ATL1,0.01714474172639081,0.8280362579800439,0.13982056532784176,0.06815951676645148,171
SIT1,0.01705458654378298,0.8289266317574135,-0.5049454634036616,1.8865350042375882e-12,171
FAM110B,0.016119746650280237,0.8381717562645064,0.07699263025454998,0.31686969623322636,171
CCDC88B,0.016116972644661533,0.8381992234898439,-0.44268512413016115,1.3393505547283442e-09,171
RASIP1,0.01601572143957889,0.8392019106164976,-0.06660670711037937,0.38672657099626034,171
ARHGEF19,0.01565510070914757,0.8427752151114277,0.18893380188990005,0.013329598505053756,171
USP14,0.015509465414165684,0.8442191942651469,0.02484821612320516,0.7469988414430798,171
RCC1,0.015451211296172933,0.8447969314544792,0.026891801000677434,0.7269843472669184,171
RCOR1,0.015270900930957272,0.8465856884800251,0.1136547589548042,0.13883904090435228,171
ZSWIM8,0.015105847596644472,0.848223776208726,-0.042928482329238495,0.577184184303801,171
TPX2,0.014759096894306658,0.8516672448736491,0.22589592837017072,0.0029702084838359546,171
CDAN1,0.014514984399860839,0.8540931322990477,0.028751787236779625,0.7089267154523048,171
JPT1,0.014467826304342898,0.8545619279226212,0.05712917724409869,0.4579734746817392,171
PDE3A,0.01439292815263793,0.8553065901677066,-0.0378849196516014,0.6227528352330121,171
PSMD8,0.014388767144209877,0.8553479640419069,0.20201490508973868,0.008056619914129608,171
RALGAPA2,0.014299998964411396,0.8562307003603878,-0.017648269402809596,0.8187863629009536,171
IKZF4,0.01429445095317399,0.8562858773088319,-0.28076792231742537,0.00019946618879379164,171
DEPTOR,0.014076691512105844,0.8584521196024774,-0.155241651211809,0.04261469487975844,171
KCTD3,0.01402814641377855,0.85893518440177,0.1990773268278173,0.00904466124792292,171
SIPA1,0.013969892295785798,0.8595149312061987,-0.35024740816924266,2.6517249749609395e-06,171
MPP7,0.013792355936188837,0.8612822401382529,0.06731950183569854,0.3816539621857905,171
UBXN2B,0.013627302601876038,0.8629259027840467,-0.004264768440714307,0.9558514329474727,171
BEGAIN,0.01359401453445161,0.8632574692510889,0.051983615321255984,0.4995202334251437,171
ATG16L2,0.013433122208566862,0.8648603758687742,-0.18470623317390775,0.015585568376169959,171
NBEAL1,0.013315226969772007,0.8660352696896493,0.015423485866207369,0.8413078646556555,171
DIDO1,0.01320565374783326,0.8671274928938753,0.1099779861629222,0.1521587420676674,171
CTR9,0.013025343382617596,0.8689253684137513,-0.24506338653098378,0.0012356513958599372,171
ZBTB5,0.012761812848840858,0.8715542382442426,0.09657648533402592,0.20890650423244742,171
KMT2D,0.012126565562157984,0.8778969243575033,-0.11064398123455879,0.1496771372705365,171
SYT17,0.01206415043573718,0.8785205399615208,-0.22902790519354282,0.002585801468096963,171
GDPD5,0.01172017373901807,0.8819586844994576,0.10757920391391042,0.16135457068091688,171
RBBP6,0.011458030208050684,0.8845803671790922,0.11621554000502488,0.13010127901478585,171
EVA1B,0.011251366789457345,0.8866480807276087,-0.12049590833030005,0.11644844238547061,171
EDC4,0.010876876030932507,0.8903968830539886,-0.05550078929416922,0.4709096757295387,171
CBL,0.010778398831468571,0.8913830859195763,-0.1469257127497521,0.05515781629271276,171
WDR4,0.01064941494755399,0.892675050472638,0.046505683761350426,0.5458388775597057,171
P3H3,0.010606410483109015,0.8931058667523941,0.04518446563496244,0.5573181425151759,171
PAXX,0.010408069081371787,0.8950932421175929,0.016771075894041403,0.8276495983484582,171
CLIP2,0.010080736418364891,0.8983745275720861,0.0871949547573505,0.25678608317320756,171
PLEK2,0.010032191320037596,0.8988613068635851,-0.005599158566227618,0.94205914440216,171
FXR1,0.009887943027865066,0.9003079585021002,0.1547412549147415,0.043295130053746286,171
NUPR1,0.009484325210343852,0.9043575297123113,0.027908193479373282,0.7170973547808107,171
EIF4H,0.009406653053020183,0.9051371147490679,0.05427679835170197,0.4807633404627901,171
FGD5,0.009238138611381005,0.906828782067569,-0.23722278688504916,0.0017837713862038412,171
ABLIM3,0.009011357252355075,0.9091060336731673,-0.2878466699346943,0.00013475980291034195,171
GREB1,0.00899471321864286,0.909273196066363,0.025431411807557206,0.7412691907652831,171
HECW1,0.008943400310214657,0.9097885762354754,-0.13219470107603268,0.08478670990084967,171
KANK3,0.0085952564095497,0.913286270606617,-0.1827574475949207,0.01673308272717641,171
KCNAB2,0.00859386940674035,0.9133002087694698,-0.4681573356358006,1.0697959167923939e-10,171
KIFC2,0.00794891310039202,0.9197842460966967,-0.0076703432394614095,0.9206868785186054,171
PPP1R16B,0.007681221558187226,0.9224770473731917,-0.4507862641817262,6.13157417648602e-10,171
ZNF638,0.0076451594851440945,0.9228398761403462,0.15410045965662628,0.04417974188006249,171
KIF20A,0.007278990743475365,0.9265248715061358,0.1494552940308511,0.05105478498994256,171
USP20,0.0068074097882959385,0.9312729891796201,-0.16964874459932053,0.02653584416564531,171
PTS,0.0068074097882959385,0.9312729891796201,0.07361825522492459,0.33860668687570517,171
ICE1,0.006736672645019025,0.9319854200010633,0.1856854259278816,0.015035338558686264,171
LEMD2,0.006665935501742112,0.9326979048069863,0.09685608326500128,0.2075853073363468,171
TBX2,0.0064426280494365605,0.9349474694075949,-0.05967435840975851,0.43815578282204937,171
PIGR,0.0063954876757682435,0.9354224205994579,-0.28875815620968676,0.00012802707589583574,171
MAP2,0.006130552417332529,0.9380921291515608,0.0701274810566528,0.36206759146492545,171
DOCK5,0.0059918521363974036,0.93949006569734,0.006045555262892144,0.9374488146135012,171
TRIO,0.005893374936933465,0.9404827130424264,0.09279891328805838,0.22735148541152317,171
AUTS2,0.0055216581840273294,0.944230420050575,0.16819795533516083,0.027875627441225286,171
MYO18A,0.005204034540685893,0.9474337241504412,-0.31703045397469765,2.3914660757612445e-05,171
AVL9,0.005151328433930545,0.9479653596258013,-0.019331856944262094,0.8018403089646121,171
CHCHD6,0.005007080141758015,0.9494204786515099,0.1274222570753206,0.09675005889684117,171
RGS10,0.004341318793269415,0.95613850332509,-0.18233985068513775,0.016988328546803006,171
ARHGAP31,0.004156847419625699,0.9580005224944933,-0.1808734615364172,0.017911633669189783,171
NES,0.003332967750871056,0.9663192377180659,0.03220896165368956,0.675796428941347,171
PI4KA,0.0032109137280004548,0.9675519481213534,-0.00463796846181446,0.9519925318167799,171
RNF25,0.0030312967397602563,0.9693661667296232,-0.07349350024419835,0.339428102961258,171
MTMR14,0.002962638000774272,0.970059695259608,-0.09558889264221167,0.21362153261319974,171
GJA1,0.002846129764788767,0.9712366072146222,-0.19562975233986793,0.010339800139511673,171
SSB,0.002724073517565856,0.9724696291092788,-0.004222768751511999,0.9562857770647109,171
FAM83H,0.0022843936270015098,0.976911829628915,0.049827231278497516,0.5175033504434604,171
PUM2,0.0019445779387104538,0.9803455692280604,0.20423968862634093,0.007373309224797674,171
SCAF1,0.001908515865667321,0.9807099883611113,0.07918021406643017,0.30327366608116757,171
RPRD2,0.001775363595969601,0.9820555698902236,0.10093725306434549,0.18898012686723195,171
OVOL2,0.0017018524470739846,0.9827984649377837,0.28879346292842634,0.00012777271306648084,171
IRS1,0.001658855359984096,0.9832329953466759,-0.08136779787831036,0.2900676746331172,171
SNX11,0.001312104657646283,0.9867374419676396,-0.30668293054636914,4.50869517826213e-05,171
TJP1,0.0009556449356430118,0.9903402767131494,0.03561813642579686,0.6437241402481915,171
SNRNP48,0.000834975691229453,0.9915599612258496,0.11381555776489302,0.1382775159906864,171
CAMSAP2,0.0008322016856107504,0.9915880001908497,0.09263451450460934,0.22817953444334688,171
HERC1,0.0007045974271504353,0.9928778031501727,-0.07535224239341985,0.3273208531273099,171
SPECC1,0.00021498543544944384,0.9978268628283373,-0.03764372143646815,0.6249703213794502,171
RGS14,-0.00036339473605002774,0.9963267055234644,-0.34528664487889005,3.743394059709814e-06,171
PRDM2,-0.0008627157474164779,0.991279572149449,-0.18528702887601967,0.015257126239699988,171
PRKD3,-0.0010485741238695455,0.9894009945399583,0.04648285602687376,0.5460362230955697,171
TEX264,-0.0011359553008586743,0.9885178021663577,-0.13673538815815225,0.0745345501710526,171
ARHGEF5,-0.0014064208486821682,0.9857842045741118,0.23095509093236866,0.0023722689656139086,171
PRUNE2,-0.001475770989149731,0.9850833074763228,-0.08863014413694935,0.24900937235578535,171
KRT18,-0.0018988068460018624,0.980808101889131,0.12230789492159959,0.11101637782006821,171
DNAJC1,-0.0019958970426564495,0.9798269797932985,-0.10079325412993759,0.18961512468166924,171
ZNF318,-0.0028128416973643364,0.9715728792817542,0.15165007778945166,0.04770311072153605,171
GOLGA3,-0.0028433557591700637,0.9712646296942212,-0.047242450405875505,0.5394884253584167,171
DMAP1,-0.0028710958153570893,0.9709844064853415,0.051340420080900645,0.5048495005013242,171
IL1RAP,-0.003263617610403493,0.9670196445264917,-0.008589536437431908,0.9112190955973762,171
TMEM201,-0.003263617610403493,0.9670196445264917,0.09992326056788979,0.19348474134088678,171
KNOP1,-0.0035299221497989332,0.9643302245297839,0.14311574094354276,0.06184868917930231,171
PARP8,-0.0037698736358166996,0.9619072884522862,-0.500581095699982,3.124661170095196e-12,171
AMPD2,-0.003901638902705068,0.9605769212244294,0.04553606303314176,0.5542519795693388,171
EPB41L2,-0.004231745571330665,0.9572444867659564,-0.08506617051035353,0.2686261055757745,171
CENPA,-0.004457827029254921,0.9549626127394738,0.19950332367544074,0.008895037303273522,171
TNRC18,-0.004650620419754743,0.9530170082945403,0.0033095755091418285,0.9657326217803804,171
PPP1R9A,-0.004741472388410175,0.9521002569870674,0.25855624181755565,0.0006389641006527004,171
TBC1D17,-0.0047865466950711665,0.9516454532026379,-0.023349427214242817,0.7617868259251619,171
PPP1R9B,-0.005201260535067189,0.9474617043889503,-0.3991710461343305,6.371176759282251e-08,171
LMNB1,-0.00524564462496643,0.9470140282989552,0.057807172226935925,0.4526462034473503,171
MPLKIP,-0.005553559248642408,0.943908739328531,0.037488922581979646,0.6263952604675456,171
TNS2,-0.005747739641951583,0.9419508801039836,-0.1755983005726074,0.02160261053993886,171
CLASP1,-0.005968273088638432,0.939727733399783,0.031050970222825946,0.6868281860016686,171
JMY,-0.006011270175728321,0.9392943433621476,-0.055689187900019574,0.46940285554645955,171
FAM117A,-0.006020979195393779,0.9391964835560571,-0.2780739422528774,0.0002309425304092914,171
SCRIB,-0.006061202276864966,0.9387910740658594,0.06538631614127233,0.39550559477447633,171
DLG5,-0.006341376844353919,0.9359676289744617,0.2165959971896598,0.004434961110434979,171
IRF2BP2,-0.006448176060673965,0.9348915732959328,0.3871171353332682,1.6907726972356452e-07,171
FAM83B,-0.006798398979608738,0.9313637387337748,0.06650114779219501,0.3874812354303911,171
PLN,-0.006806022785486588,0.9312869578889604,-0.1337018106066256,0.0812654370992904,171
SPAG9,-0.0068601158950512865,0.9307421938034445,-0.0025583810679805576,0.9735072470593719,171
RASD2,-0.006969689116990035,0.9296387960861363,0.0395013076903302,0.6079805502869838,171
PDE3B,-0.007500911192971564,0.9242913495291132,-0.3266159830417843,1.3011750522740647e-05,171
RIF1,-0.007781085760460516,0.9214723744182325,0.024905815696968328,0.7464323270033674,171
TDRD3,-0.007782472763269869,0.9214584214975147,-0.052715609904496204,0.4934914204002607,171
GSDMD,-0.008068195341996225,0.918584636598981,-0.23205788277170927,0.0022574036579495636,171
CAMK2B,-0.008279019769017616,0.9164648471658425,0.10930719112680536,0.15468948496086968,171
PPP1R13B,-0.008656284533161156,0.9126730176589589,0.07179906868690464,0.3507098579613637,171
MAPKAP1,-0.008817176859045902,0.9110565077454723,0.1356241963809712,0.07694566632140847,171
FAM117B,-0.009545353333955307,0.9037450626359035,0.1725191233585182,0.024046909105164226,171
SBF1,-0.009584189412617142,0.9033553403751342,-0.08030340575481187,0.2964445030424207,171
TTC14,-0.009911522075624037,0.9000714640389071,-0.08955893726388037,0.24406446926879904,171
PNISR,-0.010090445438030348,0.8982771762534764,0.011779112834567146,0.8784712836613664,171
KIF14,-0.01034565395495098,0.8957187755104323,0.1920345789441504,0.011861999553031272,171
KDM3B,-0.010405295075753083,0.8951210422324669,-0.03159936616469607,0.6815954028611136,171
ALG3,-0.01099061026129931,0.8892580973054286,0.09902206723672029,0.19755340845348648,171
DENND5B,-0.011200047685511349,0.8871616588546237,-0.18761861162230778,0.01399863692714433,171
MPHOSPH8,-0.01122085272765162,0.8869534458360008,-0.141354153979286,0.06516003618692656,171
YDJC,-0.011277719842835019,0.8863843697303186,0.014888289826657963,0.8467456528921143,171
NRK,-0.011481609255809655,0.8843445027702163,-0.1561428445429785,0.041411861947162044,171
CRACD,-0.011654984606978561,0.8826105187959842,0.053139206769879474,0.49002033508598836,171
CLDN23,-0.011692433682831044,0.8822360511415628,-0.03779972028207672,0.6235357404048436,171
HDGFL2,-0.01178674987386693,0.8812930631277521,0.08572616562638981,0.264916219492268,171
SNW1,-0.011904645112661786,0.8801145626690006,-0.13096583085287528,0.08774753277641707,171
FAM53A,-0.011915741135136595,0.88000365848039,0.011393915685025983,0.8824163560817836,171
SH3BP1,-0.012340163994798078,0.8757633434187708,-0.24478138861776833,0.0012523303002463654,171
KMT2E,-0.012395644107172128,0.8752093122236049,0.052606410712570204,0.4943883433578839,171
SRSF10,-0.012410901138074993,0.875056964255413,0.044234072667870224,0.5656469311130298,171
MICALL1,-0.012446963211118123,0.8746968873037112,0.11207797062303756,0.14443790785389404,171
AHNAK,-0.012856129039876742,0.870613216501642,-0.16788955761730384,0.028167759790430808,171
MZT2B,-0.0129767982842903,0.8694095269506226,0.06817389551318548,0.3756272641067378,171
NEK9,-0.013008699348905379,0.8690913601510879,-0.2645044426671719,0.0004723791663905509,171
NCOA5,-0.013306904952915899,0.8661182144846808,0.013249101956647908,0.8634443869444887,171
PARP10,-0.01333048400067487,0.8658832080289027,-0.2645176425694926,0.0004720589378283761,171
PUM1,-0.013756293863145707,0.8616413091538684,0.057983570921585625,0.4512658791167391,171
DENND1C,-0.013910954313166548,0.8601015602137634,-0.4126999936400433,2.032391871792403e-08,171
PANK2,-0.013950474256454879,0.8597081968305904,-0.16179120274512881,0.034504536697031095,171
ATXN2,-0.014209843781803566,0.8571274118459196,0.04809564409224237,0.5321805635435584,171
NAV1,-0.014376284118925714,0.8554720880277477,-0.1017964467063127,0.18522357808916604,171
DMTN,-0.014685585745411045,0.8523976225825834,0.2223247547968545,0.0034710261129677383,171
CDK13,-0.015072559529220042,0.8485542257886962,-0.08127659855318534,0.2906104424445613,171
IKBKG,-0.015236225860723488,0.8469297703132868,-0.08782855006874529,0.2533325257440326,171
PYGL,-0.015291705973097541,0.8463792532840254,-0.16657916731419187,0.029438373483632114,171
CALD1,-0.015498369391690876,0.8443292330534741,0.0447596687784591,0.5610335375952628,171
RORA,-0.015609329616438974,0.8432289809435447,-0.1938909652068924,0.01105304163470921,171
SHROOM1,-0.015725837852424478,0.842074042402237,-0.06595631192330365,0.3913905046241649,171
FHOD1,-0.015746642894564747,0.8418678387165354,-0.2500397497058972,0.0009728517531497942,171
ZFC3H1,-0.015820154043460367,0.8411393384962794,-0.09584809072414589,0.21237675036260625,171
FKBP15,-0.01633334508292033,0.8360573689682207,-0.22820831125853777,0.00268177852028835,171
NDC80,-0.016562200546463287,0.8337932559230553,0.09976006177556083,0.19421698524219347,171
UTRN,-0.016637098698168252,0.8330525689416874,-0.127921453381268,0.09543923926059768,171
MAST4,-0.01676747696224727,0.8317635754396029,-0.13909457070020187,0.06961819793405846,171
NIFK,-0.016903403237563695,0.8304202082999039,-0.044603669932850525,0.5624009245711836,171
RPL28,-0.017236283911807992,0.8271324100863122,0.03775892058399448,0.6239108021369767,171
DNM3,-0.01731950408036907,0.8263109269575911,-0.10761280366527226,0.16122295487028518,171
PRRC2A,-0.01756222957200554,0.8239160131514839,0.22147876105720807,0.003600305926470926,171
PPM1H,-0.01772173489508093,0.8223430951310027,-0.0329613560859709,0.6686652675615232,171
RBM12,-0.017739765931602498,0.8221653313730127,0.004707565164018633,0.9512730202138947,171
ANKRD34A,-0.017939494336149078,0.8201968627571907,-0.1919709794147869,0.011890613034859486,171
CCDC9,-0.018173897810929436,0.8178880774254351,0.0477920463388657,0.5347752654438277,171
SRRT,-0.01832924212557678,0.8163588552626706,0.14447293090033736,0.05939273700832865,171
WDR43,-0.0189603284038316,0.8101535685510786,0.1983381322978567,0.009309581583451255,171
BICD1,-0.019042161569583323,0.8093497832704905,0.1352473991692705,0.07777742150619832,171
DLAT,-0.01948184146014767,0.8050345708020883,-0.07128667247863649,0.35416733417923085,171
PIK3AP1,-0.019843849193388344,0.8014860718076644,-0.3614937249465005,1.1871771032129366e-06,171
MAP3K1,-0.020079639670978054,0.7991769639353603,-0.17629669540448575,0.02107904203268115,171
MTSS2,-0.02011708874683054,0.7988103827494011,-0.04006050355228093,0.6029063116041724,171
SLAIN2,-0.020401424322747545,0.7960285195102119,-0.09593209010255051,0.21197446503293652,171
TTYH2,-0.021498543544944387,0.7853189454018998,-0.12354748574862771,0.10741592592657447,171
GLI2,-0.021598407747217677,0.7843460798239886,-0.032823357107163324,0.6699710226318744,171
FARP1,-0.02163585682307016,0.7839813411980833,0.21531320668230935,0.0046812950499838975,171
RIPK4,-0.021861938280994416,0.7817804018031027,0.026200606115519463,0.7337339189762704,171
PHF3,-0.022456962486206104,0.7759960557096685,0.08773135078801997,0.253860240695196,171
PMS2,-0.022583179741857064,0.7747706421298629,0.07848301922567186,0.30756443101575975,171
RBM15,-0.0230089896043279,0.7706406696189707,0.0577375727419721,0.4531914707955763,171
RBSN,-0.023354353303856358,0.7672956715194869,-0.002899178546079281,0.9699797475380582,171
SOWAHB,-0.02359707879549283,0.7649473324776064,0.0508208239259121,0.5091762597731417,171
ARAP3,-0.023895284399503346,0.7620651603262146,-0.05799677082390635,0.4511626845560919,171
SLC4A7,-0.02411304384057149,0.7599625651959139,-0.1310246304177585,0.08760400364671468,171
PRDX5,-0.02447643857662152,0.7564576926723365,-0.011032718357886138,0.8861182596080566,171
DOCK4,-0.024536079697423628,0.755882937189529,-0.14834410225367003,0.052824850129712476,171
LRRFIP1,-0.025329445304372544,0.7482501948108595,-0.2286475080084819,0.002629953260861427,171
CTDSPL2,-0.025730289116275052,0.7444030135942903,-0.03745052286613754,0.6267489480761926,171
MCPH1,-0.02574138513874986,0.7442966065469877,-0.08393937884861162,0.2750412768416634,171
FHDC1,-0.026028494720285573,0.7415450108703798,0.09478009862728722,0.21753923276062018,171
KIF13B,-0.026121423908512107,0.7406550966576866,-0.09630648733201108,0.21018805879790153,171
TMEM40,-0.02612715291550029,0.740600245422798,0.007472389538763593,0.9227273267786373,171
ARID5A,-0.026562490801885802,0.736436029419676,-0.10065525515113001,0.19022512512897022,171
DDA1,-0.027059037807633555,0.7316956699877276,0.19056458982206964,0.012539038447143944,171
WEE1,-0.0277206381476941,0.7253953632261867,0.09044093073712883,0.23943238516712645,171
HEATR3,-0.02774699120107177,0.7251447852680737,-0.16442638324479358,0.03163185700151676,171
RHBDF2,-0.02779969730782712,0.7246437168377594,-0.16587597251783323,0.030140146985998113,171
USP34,-0.027898174507291058,0.7237078232016452,0.21263842647568235,0.00523480068844611,171
PPP1R1B,-0.028020250165470918,0.7225482258526635,0.0367581500445797,0.6331407046505938,171
PYGB,-0.028250473220866275,0.7203630548346664,0.09789047561049811,0.2027496836077661,171
SAMD14,-0.028649930029959435,0.7165769678713967,-0.07102387442334204,0.3559488574847141,171
ITPR3,-0.029441908634099002,0.70909097374989,0.15018608862297125,0.049917720145845716,171
GCC1,-0.029448843648145755,0.7090255436545654,0.15582244691392091,0.041836194089085114,171
GRHL1,-0.029476583704332784,0.708763844542328,0.2442629924538998,0.0012835295943965982,171
RBM12B,-0.029573673900987363,0.7078481659846377,-0.04644805628439186,0.546337133958501,171
AEBP2,-0.029581995917843475,0.7077696986986927,0.12534387245536638,0.10236165910493272,171
LIMA1,-0.030303237378706133,0.7009809593142273,-0.3474178291081272,3.2303510315468893e-06,171
ARID4B,-0.030335138443321207,0.7006812289797003,0.07271226192927481,0.3446007264651943,171
RCSD1,-0.030770657325457494,0.6965938923774665,-0.3744860288034543,4.5125084395712527e-07,171
NRIP2,-0.030812267409738033,0.6962038365978636,-0.2339586687058937,0.0020712147120263515,171
HIC1,-0.03093709766257965,0.6950341471160015,-0.20109451190064814,0.008355356177001057,171
FAM167A,-0.03100644780304721,0.6943846300190771,-0.02654620355809845,0.7303565460347412,171
ATXN1,-0.03102725284518748,0.6941898182084234,-0.2098088474145669,0.005883456629769718,171
BAG1,-0.031146535086791684,0.6930732838099631,0.002867978776957567,0.9703026644669457,171
NAPEPLD,-0.03117011413455066,0.6928526515821437,0.22469473725898476,0.003130852471049568,171
PQBP1,-0.031605633016686945,0.6887821022605927,0.03482014233095302,0.6511754099449751,171
COPE,-0.032084148985913136,0.6843199579001059,0.08120819905934158,0.29101796242492123,171
DCUN1D5,-0.032336583497215056,0.6819703943513119,-0.0556495881930574,0.46971935622408545,171
ULK1,-0.03246696176129408,0.6807580769640696,0.01646267817618446,0.8307709115163328,171
GATAD1,-0.03283451750577216,0.6773447782927797,0.025971407811586873,0.7359765983579496,171
TRAK1,-0.03299402282884755,0.6758655700478223,-0.020095051296624023,0.7941882384216042,171
LARP7,-0.03304811593841225,0.675364206511139,-0.1617085003821974,0.034598155279462764,171
RGS3,-0.03313688411821073,0.6745417652888037,-0.17790468350537408,0.019915063615697767,171
CASKIN1,-0.0331438420925697,0.6744773155999295,0.23992156853333396,0.0015740957754268314,171
SH3RF1,-0.03316601117720711,0.6742719856080921,0.08971973607396921,0.24321536452662407,171
ACIN1,-0.0333726977146518,0.6723588136790731,-0.11626240941561598,0.12994539027779783,171
MTMR10,-0.03380819347793674,0.6683345785162239,-0.15958201909308745,0.03708021054611466,171
OSER1,-0.033816515494792844,0.6682577696332761,0.07711022938431644,0.3161288820079049,171
RSRC1,-0.03412026911004077,0.6654566057864144,0.09484369815665072,0.2172293219590169,171
PITPNM2,-0.03468755325906543,0.6602375990437875,0.027011800112684028,0.725814665993203,171
REM2,-0.03484705858214082,0.658773082862745,0.05913916237020911,0.4422819518233156,171
FARP2,-0.03510365410187081,0.6564198420013002,-0.02852978887956743,0.7110737130728136,171
PLPP7,-0.036053751026276414,0.647736003775459,-0.24818816340763544,0.0010639685061162511,171
DNAJC8,-0.03618274228754608,0.6465606494244608,-0.10329643560639512,0.17879706603290832,171
CDK18,-0.03624238340834818,0.6460175010177984,-0.030232576278940975,0.6946649564261126,171
SENP2,-0.03645043382975087,0.644124261895672,0.15343566457610977,0.04511341446619789,171
MADD,-0.036898435737171324,0.640055256460059,-0.06951668557653924,0.36627403203156467,171
ARHGEF40,-0.03699413893101656,0.6391874091431353,-0.12809065212919732,0.0949981591718769,171
C3,-0.037041297026534505,0.6387599540421713,-0.23486106202818327,0.0019878060397413113,171
RUNX3,-0.03711203416981142,0.638118994305815,-0.14346853833284215,0.06120239579691097,171
HSPA9,-0.0373200845912141,0.6362353725493576,-0.005313560679651928,0.9450097833012977,171
FAM53C,-0.037465719886195986,0.6349182214172382,0.05538439015552283,0.4718419615798625,171
CTNNB1,-0.0375933241446563,0.6337650861787089,0.00807714022916376,0.9164953739358884,171
RGL2,-0.03792481781609125,0.6307735616944155,0.16583997278423127,0.03017645412766862,171
CLK4,-0.03807738812511989,0.629398717321827,-0.26121166703371096,0.0005588404545525167,171
SPATA2L,-0.038781985552270325,0.6230659885895404,0.017725068834493818,0.818011449321031,171
ATG2A,-0.03970711642610761,0.6147929772138453,-0.13421420681489374,0.08009540429873059,171
SPIN1,-0.039815302645237007,0.6138286538311681,0.18380143986937808,0.01610951771979175,171
GJB1,-0.040358023179376444,0.6090010932012992,0.05783677421339598,0.45241440223094254,171
WDFY3,-0.040893003828102924,0.604258831528079,-0.0741006516551911,0.33544238717433505,171
BCORL1,-0.04108857122422145,0.6025293600865576,0.10510122225097428,0.1712844060473138,171
EMD,-0.04123975453044074,0.6011939083414931,0.13311981491339359,0.08261103210306249,171
CLK1,-0.04129523464281479,0.6007041665726223,-0.1432633398513109,0.06157762325412594,171
DHX9,-0.04163643733391519,0.5976961897014634,0.1710119345117154,0.02532758043017141,171
SMARCC2,-0.04188193683117037,0.5955361169655647,-0.035780135227005766,0.6422157702357429,171
SRSF6,-0.04206502120200473,0.5939275153775075,-0.09058732965377687,0.23866950818973107,171
CDC25B,-0.04222591352788948,0.5925155235863268,-0.11430515414187993,0.1365784763830583,171
CWC22,-0.04237154882287136,0.5912387442526225,-0.009239931624507643,0.9045274188229092,171
SCAF11,-0.04241177190434255,0.590886330891407,-0.11431115409748027,0.13655775430802486,171
CLK3,-0.04262675733979199,0.5890043673535829,0.05076082436990881,0.5096771224413073,171
DOCK1,-0.04283064675276663,0.587222073575794,0.015781083219987013,0.8376787045450842,171
DCK,-0.04289583588480613,0.5866527468475307,-0.22404314208078896,0.0032212413923259258,171
EMSY,-0.04380848373335925,0.5787089185412181,0.13738698333634805,0.07314938306132304,171
MVD,-0.044019308160380646,0.5768810144079314,0.013576699532425905,0.8601020000956281,171
DROSHA,-0.04450614614646294,0.5726703318422569,0.12688826102689124,0.09816801376044619,171
MLLT3,-0.04453527320545931,0.5724188696038501,-0.10570481778436744,0.16882487585614614,171
MAP1S,-0.044601849340308176,0.5718442939343952,0.16078321020427344,0.03566032142842523,171
SH2D5,-0.04486494862886932,0.5695763153785909,0.0342235350415107,0.6567689337259602,171
ATAD2,-0.04498050110726106,0.5685815712000903,0.16262039660909436,0.03357769231133244,171
INTS3,-0.045090074329199814,0.5676390605736041,0.11839472387906462,0.123004132182846,171
WDR44,-0.045124749399433596,0.5673409521384448,-0.12416788115770178,0.10564870690648931,171
SMARCA4,-0.045884826938958075,0.5608251492259516,0.2890034613744379,0.00012626953270995629,171
BOD1L1,-0.04693894907406502,0.5518484813954834,-0.09563449230477417,0.213402165773157,171
NAB2,-0.04707903635780951,0.5506608139505752,0.10611281476518983,0.16717730937436084,171
SOX4,-0.04716086952356123,0.5499676050977241,0.27920793386133974,0.00021716843109964134,171
R3HDM2,-0.04718860957974825,0.5497327157446823,-0.06176474294091336,0.422251429921887,171
MDH1,-0.04752149025399255,0.5469178702448585,0.3149388694524228,2.723675709066417e-05,171
NFATC4,-0.04792788207713247,0.5434910236308549,-0.09431810204606184,0.21979993216051547,171
BCL6,-0.048059647344020844,0.5423822072630867,-0.14780410624964035,0.05370321367106658,171
SIPA1L3,-0.04874760073745906,0.5366112271672321,0.2576164936379935,0.0006697683905502963,171
PPP1R10,-0.048750374743077765,0.5365880191759315,0.027216998594215305,0.7238159801151873,171
ABLIM1,-0.04902361429651996,0.5343044860598428,-0.0751710437342899,0.32848874758943036,171
ALS2,-0.04942723211404117,0.5309402633496016,0.14796370506860912,0.053442359241728236,171
PPP1R18,-0.04976427379671352,0.5281391448797051,-0.34605703917797237,3.5495951628299143e-06,171
CDC42BPG,-0.05006525340634275,0.5256440548468305,0.1350962002881422,0.07811321681731102,171
NELFA,-0.05015402158614123,0.5249093178222116,0.08149019697255706,0.2893402866178888,171
CD40,-0.05016373060580668,0.5248289875727565,-0.359811337396168,1.341464015484472e-06,171
BAZ1B,-0.05025804679684257,0.5240489612241847,0.1779682830347376,0.019870192165562076,171
ZNF609,-0.050331557945738195,0.5234414080280511,-0.0025703809791812167,0.973383030204184,171
KDM5A,-0.05054654338118763,0.5216666583767969,0.07173666914866121,0.3511297710834687,171
U2SURP,-0.0507975908896802,0.5195980970454902,0.043241680011575696,0.5744065199443925,171
SIK3,-0.05082255694024852,0.519392613220595,-0.3057373375437572,4.772095743131393e-05,171
PITPNM1,-0.05082671794867658,0.5193583699565335,-0.09752567830999806,0.20444568396947946,171
CBX3,-0.05115682461730218,0.5166454210788338,0.0804678045382609,0.29545355819126706,171
SHROOM3,-0.05138845408646384,0.5147461501356299,0.11360795930112162,0.13900279636742616,171
INCENP,-0.051557668429204694,0.513360934260726,0.10754440417142848,0.1614909718190274,171
PLIN5,-0.05200325658336531,0.5097224974537808,-0.1862997391830814,0.014698866003059594,171
CBX5,-0.05233993801367879,0.5069822304203428,0.10822719911874601,0.15883041510220403,171
PHLDB1,-0.05329696995213116,0.499234980447158,-0.1273826573683584,0.09685465014333464,171
RNF168,-0.05332054899989013,0.4990448957153574,0.0547831946043698,0.4766731842476585,171
TAF12,-0.05336077208136132,0.49872072147081054,-0.19445256105108327,0.010818081015023412,171
MTUS1,-0.05368949174717757,0.496075597108383,-0.0502640280462015,0.5138340641287935,171
ATN1,-0.05374081085112357,0.49566331542379444,0.15532205061685342,0.042506208512708796,171
SAP30L,-0.05414720267426348,0.4924048993687685,0.0016367878877699253,0.9830487788693302,171
PFKM,-0.054295611974864065,0.49121780865057657,0.12191549782533805,0.11217558046394102,171
LYSMD3,-0.054532789455263124,0.48932384813579866,-0.21371001854590124,0.00500637665696813,171
ATP11A,-0.05503904548067633,0.48529425032966583,0.03203376295015994,0.6774611303598653,171
MEPCE,-0.05534279909592425,0.4828850623202191,0.22575912938248324,0.0029881197671375592,171
NCAPD2,-0.05567706677297791,0.48024131128570574,0.16303079357215694,0.03312682812393922,171
ARHGAP42,-0.05602659148093442,0.47748527210748015,-0.07702503001479176,0.31666548180732335,171
CRACR2A,-0.056517590475444766,0.473628216713228,-0.23693344669253716,0.0018076989247245915,171
SGSM3,-0.05688792022554155,0.47073034740513964,0.0896669364646863,0.24349394784153766,171
ZNF518A,-0.05708210061885072,0.46921474877545255,-0.04585286068883916,0.5514963186140883,171
NCOA1,-0.0571112276778471,0.46898763980199976,0.07177986882898359,0.3508390283772608,171
DOCK7,-0.05747184840827843,0.4661808104866607,0.16932954696138297,0.02682579061914769,171
GATA3,-0.057610548689213545,0.46510372619526924,-0.07517584369877016,0.3284577754973193,171
MAN2C1,-0.05761887070606966,0.46503914475559693,-0.04489166780166635,0.5598777648526765,171
MAP4K5,-0.05800445748706931,0.462052293968322,-0.04464566962205284,0.5620326250598019,171
RASSF8,-0.058564806622047216,0.4577306634957411,0.11879912088652685,0.12172070025392176,171
TLE1,-0.058620286734421254,0.4573040055170186,0.22003037177528847,0.0038317494317960583,171
EZHIP,-0.05868501183922405,0.4568065306293227,-0.04648379651939107,0.5460280918548452,171
ERC1,-0.0587700830378312,0.4561531348000566,0.10806520031753712,0.15945865959437258,171
SELENOH,-0.059197279903111376,0.45287990082615814,0.05286920876786465,0.4922312774554894,171
CARMIL1,-0.05966608685267211,0.4493030163792344,0.1873042139488505,0.014162856205718359,171
BCKDK,-0.059667473855481455,0.4492924574878536,0.06919388796524151,0.3685092342905817,171
KIF27,-0.059994806518488354,0.4468044617076187,0.05381960173495685,0.484472325980208,171
DR1,-0.06022504898484066,0.4450590932243264,0.061751543038592635,0.42235079538155335,171
TKFC,-0.06034294422363551,0.44416687349946127,0.055403590013443874,0.47168811306767827,171
SPATA18,-0.06056486467313171,0.44249014804453934,0.046035259339089175,0.5499127591279639,171
MCRS1,-0.06071466097654165,0.44136038895670804,-0.041073296057616566,0.5937645054814383,171
NIBAN1,-0.06096293447941552,0.43949152716566053,-0.13899137146387622,0.06982759463030104,171
ZNF696,-0.06109886075473195,0.4384702609479965,0.015020288849865214,0.8454038118368614,171
EPN3,-0.0611598888783434,0.43801217319988894,0.0774078271820928,0.31425920636858146,171
SRRM3,-0.062401256392712774,0.42875361542732754,-0.09765407735984512,0.20384757392790154,171
CIC,-0.06261069381692481,0.4272027501044073,0.05447479688651285,0.4791618567965572,171
DTL,-0.06266062591806146,0.42683348594736537,0.21531200669118924,0.00468153111935351,171
PDLIM4,-0.06291722143779144,0.42493878797900314,0.0706314773270805,0.3586193439607227,171
TFEB,-0.06313359387605023,0.4233448862835837,-0.11524354719777148,0.13336667347329448,171
ZNF140,-0.06358436978908939,0.42003541428952623,-0.041290494450348506,0.5918122165845936,171
CEP250,-0.06376745415992376,0.41869557177008926,0.016317479250656484,0.8322413990443212,171
AXIN2,-0.06378964620487337,0.4185333361041116,-0.282908706475623,0.00017735329587917182,171
FRMD6,-0.06465790996352726,0.41221468806867834,-0.24585658066134738,0.0011898217530603803,171
KMT2A,-0.06498246862091545,0.4098672292965743,-0.148197703337022,0.05306180027995051,171
ZFHX3,-0.06525570817435765,0.4078970682540535,-0.04089809735408694,0.5953414049272743,171
KANSL3,-0.0659908196633138,0.4026244625806762,0.1629611940871931,0.03320292689154578,171
NAV3,-0.06608929686277774,0.4019212197270242,-0.23059629358746894,0.00241076873065823,171
ATR,-0.0663237003375581,0.40025024323781916,-0.02259703278196148,0.7692434306118666,171
ZNF608,-0.06683966538263678,0.3965867223760291,-0.14303294155625823,0.06200117858882302,171
LYAR,-0.06689930650343888,0.39616454748106256,-0.056998378212011494,0.45900521069836764,171
TRA2A,-0.06710042191079481,0.39474291742896994,-0.12535467237544698,0.10233185005066156,171
ARID5B,-0.0677412172087151,0.3902337358826797,-0.08428617628231068,0.2730559061878459,171
LIPE,-0.06824608623131895,0.38670298785177115,-0.2267503220476577,0.0028605212791351525,171
ARCN1,-0.0688022743578688,0.38283578150906344,-0.05663598089375159,0.46187051381411637,171
NDE1,-0.06912128500401958,0.3806283163123766,0.05900596335588179,0.4433122819577844,171
BRPF3,-0.06919340915010584,0.38013031285271676,0.1721603260136185,0.024346624314770166,171
ELL,-0.06943058663050491,0.37849544683202907,-0.09542209387652249,0.21442532711346715,171
SRSF7,-0.06956235189739327,0.3775890438602315,0.1806010635521622,0.01808786425735394,171
SIK2,-0.06961089699572057,0.3772554402533451,-0.036464130165443344,0.6358632682069609,171
RPL15,-0.07008668751170237,0.3739953269785637,0.02913100190918702,0.7052645457881497,171
HIP1R,-0.07021146921216967,0.37314319015609926,0.12008551136723751,0.11770703033756635,171
CAPRIN2,-0.07037652254648247,0.3720178688517611,0.04619245817581782,0.548549764777415,171
SUPT16H,-0.07091051862808269,0.3683914258787688,0.02906858489247703,0.705866859880063,171
ZFR,-0.07115740512814721,0.36672217834362725,0.23843463558373962,0.0016866582218581431,171
ARHGEF26,-0.07128917039503559,0.3658332029403293,0.30345015446891155,5.4702120701387076e-05,171
CUX1,-0.07136406854674054,0.3653284850048961,0.10268324014404143,0.18140407060453909,171
PHF6,-0.07146393274901384,0.36465619814210465,0.12484467614941898,0.10374698847301456,171
PRKD1,-0.07152079986419724,0.3642737105554561,-0.03455854426677865,0.6536256647163172,171
NFRKB,-0.07162482507489859,0.36357468132298504,-0.18905380100190664,0.013269972799119529,171
CMYA5,-0.07184119751315739,0.3621233655164921,-0.0015707883761662993,0.9837322000016973,171
EXPH5,-0.07283845253308092,0.35548086630002146,-0.002518781361018382,0.9739171671837851,171
CWF19L2,-0.0731297231230447,0.3535552372791208,-0.1810114605152248,0.017822924164834174,171
GPSM2,-0.07332390351635387,0.35227512079424556,0.16138920571990675,0.03496161521075854,171
NEO1,-0.07346399080009834,0.3513534152812048,0.17106113414763813,0.02528486939246292,171
PALMD,-0.07369978127768807,0.3498054513588717,-0.2524901315730718,0.0008632702137911502,171
CDK17,-0.07374971337882472,0.349478198171591,-0.26432924396364227,0.00047664853901835304,171
TLK2,-0.0738648857817124,0.34872409691296974,0.12731913422988725,0.09702261542443226,171
TNKS1BP1,-0.07403404895474171,0.3476183447340733,0.026770601897550778,0.7281663658176071,171
IRS2,-0.07421990733119478,0.3464060126922583,0.11224236940648662,0.14384627337427727,171
PPFIA1,-0.07435583360651121,0.34552107263813514,0.08070300279779384,0.2940396829445372,171
TMEM163,-0.0747428073903202,0.3430095279577937,-0.30327255578314183,5.528252146833642e-05,171
PPFIA3,-0.0770077829779908,0.3285419510279073,-0.0322113616359297,0.6757736356945625,171
BCR,-0.07728240953424233,0.3268148093385216,0.13628299150588738,0.07550869332200075,171
FAF1,-0.07746410690226735,0.32567532191751386,0.2768667511860911,0.00024649577201105215,171
AJUBA,-0.07850019800085274,0.31922661155802445,0.09853967080645377,0.19975663951901126,171
ARHGAP32,-0.07853487307108652,0.31901223282313634,-0.036903326915387474,0.6317982077895425,171
MINDY4,-0.07880533861891002,0.31734328354838026,0.16472158106032983,0.031323094721081655,171
AKAP13,-0.07885110971161861,0.3170614080800445,-0.1295378414199968,0.09129131876462901,171
ZNF219,-0.07907719116954287,0.31567150096563584,0.11940271641991998,0.1198244083067405,171
SYDE1,-0.07913960629596367,0.31528848358674566,-0.0807954021140389,0.293485464288912,171
FRYL,-0.0794655519561612,0.3132931979382834,-0.25630490334376144,0.00071505235679471,171
SETD1A,-0.0800064830518082,0.3100000847373977,0.17370471458514333,0.02307898823027184,171
PKP1,-0.08002035307990171,0.30991594479676937,0.08398257852893401,0.27479343308623333,171
VEPH1,-0.08068195341996226,0.3059198247253935,0.11939911644655979,0.119835649821751,171
GLI3,-0.08098293302959148,0.3041131335063644,-0.10270843995756282,0.18129638549654395,171
BCOR,-0.0814545139847709,0.3012965177958588,0.06961748483062478,0.36557777159924126,171
MIER1,-0.08187200183038562,0.29881739212620173,-0.11991511262818816,0.11823269978348726,171
PSMC6,-0.08251002312268721,0.2950548264488506,-0.2186515819783327,0.004064430190102403,171
ADCY2,-0.08280551208438666,0.29332295621976157,-0.024151035772956745,0.7538665474295363,171
MICAL3,-0.0828942229008775,0.29280434090075197,0.059769157708243724,0.4374272083494102,171
RELL1,-0.08351698716227621,0.28918075264799403,-0.1318310244504428,0.08565448164360913,171
YTHDC1,-0.08352392217632297,0.28914057011593935,-0.09379010595323282,0.2224039905568864,171
PCNX3,-0.08375832565110333,0.28778459201315326,0.09378170601539236,0.22244559491616334,171
MBLAC1,-0.0838762208898982,0.2871041999399156,0.13959256701502923,0.06861490778168376,171
RILPL2,-0.08403572621297359,0.2861853829149585,-0.3793747926266029,3.1012488332232664e-07,171
MAPRE3,-0.08446014907263506,0.2837501246728357,0.06735190159594032,0.3814243545853675,171
ZFP90,-0.08460301036199824,0.2829335497729273,-0.13232542079190995,0.08447652588768031,171
SRSF4,-0.08559055636225632,0.27733204115344473,0.03925170953735649,0.6102515209534733,171
SNIP1,-0.08593453305897543,0.27539864863100905,0.13595299394786925,0.07622575128288124,171
CTNND1,-0.08603301025843939,0.27484681892244056,0.14446693094473703,0.059403415281597594,171
RAI14,-0.08627850975569455,0.273474388920578,-0.04181849054317751,0.5870785478885012,171
INO80E,-0.08661832544398561,0.2715823681489314,0.0762210359643476,0.3217583159623433,171
SPAG1,-0.08828550282082581,0.2624287062866025,-0.04412607346706429,0.5665971205227327,171
MAST2,-0.08846997419446953,0.26142899147659265,0.201346510035862,0.008272602986576411,171
ZNF521,-0.08874043974229302,0.25996796465618816,0.1679519571555473,0.028108441197514048,171
PLEC,-0.08986807302629558,0.25393699942117465,-0.13522699932022939,0.07782265911196107,171
LYST,-0.0906447945995323,0.2498393691454218,-0.18262664856283353,0.01681266910689748,171
MYO9A,-0.09090277712207163,0.24848855092641936,0.004084769772704418,0.9577129976309211,171
TTC28,-0.09117185566708576,0.24708503397823467,-0.14442733123777485,0.059473931489105715,171
BCAR1,-0.09146590026266824,0.24555759381928127,-0.06978908356079423,0.3643943561394565,171
SPTBN2,-0.09152692838627968,0.24524140180308118,0.13111102977840325,0.08739344431158977,171
MECP2,-0.0918223599846715,0.2437147457493881,0.09068452893450221,0.23816394790626158,171
CENPC,-0.09208589051844825,0.2423585318209475,-0.21305842336770547,0.00514418366586438,171
TACC3,-0.09266843169837577,0.2393792692864427,-0.00022439833945232847,0.9976758722283682,171
GTF3C1,-0.09273084682479657,0.2390615868457891,0.12549987130097498,0.10193174825329447,171
ZMYM4,-0.09291947920686834,0.23810327111552926,0.12511587414255387,0.10299256098155034,171
BAG3,-0.09326900391482486,0.23633467756283152,0.026156206444077023,0.734168189586753,171
SLF2,-0.09412478464819457,0.23204334162724696,-0.0769458306008674,0.3171648237446558,171
DSG2,-0.09477528896578032,0.22881823749095415,0.19878572898564129,0.009148359758451748,171
DENND5A,-0.09479193299949253,0.22873613572008525,-0.2798884967582221,0.00020927309485101444,171
NCOR2,-0.09502633647427289,0.22758207547229176,0.07230306495733234,0.34732982743409946,171
TET2,-0.09514561871587711,0.22699638312267198,-0.029828179271478763,0.6985494138605196,171
RPL34,-0.0960527185531928,0.22257721805651268,-0.055443189720406044,0.47137088708946967,171
IER2,-0.09607213659252374,0.22248328997250266,-0.015801483069028132,0.8374717743159765,171
PAPOLG,-0.09614842174703805,0.2221145589573714,0.146031719365303,0.05667152090047621,171
PAWR,-0.09655758757579667,0.22014421877823254,0.13118542922784734,0.08721245380244451,171
EML4,-0.09672402791291883,0.21934628934440495,-0.0697578837916725,0.364609345895348,171
SEC62,-0.0971318067388681,0.21740006095584483,-0.02616580637303755,0.7340742860920909,171
KLC2,-0.09772266993565172,0.2146018930764135,0.1021312442288111,0.18377470303021606,171
MAPK8IP2,-0.09786137021658683,0.21394879060889913,0.1679303573153861,0.02812896247016165,171
KANK2,-0.09789604528682062,0.21378573715560767,-0.0037427723034856282,0.9612505920024952,171
DENND2C,-0.09824834400039584,0.21213414741281747,-0.036078933015902176,0.6394375025517789,171
MMACHC,-0.09869495890500694,0.21005355349163524,0.23427786634383127,0.002041354182903726,171
SLK,-0.0989238143685499,0.20899309880693434,-0.05946435996374698,0.43977217404574137,171
MKI67,-0.09893629739383407,0.20893536653783018,0.11188477205270697,0.14513554663034883,171
RBM34,-0.10027891611328607,0.20279260320693632,0.2319450836064231,0.002268916347579706,171
TRIM28,-0.10143290245066632,0.19761792222498137,0.19320457028621468,0.011346309107314633,171
HNRNPA1L2,-0.10148006054618426,0.19740851176959215,0.11705793377131117,0.12732132301198637,171
CGNL1,-0.10155495869788923,0.19707624946228006,0.06614351053803394,0.3900446620066769,171
THRAP3,-0.10178797516986024,0.1960451386165446,0.011243916795017742,0.8839533871199025,171
SLTM,-0.1021222428469139,0.19457283223730654,-0.11248956757722017,0.14296013157742696,171
ARGLU1,-0.10229700520089215,0.1938062856482991,-0.07905781497218345,0.30402408229885386,171
EHBP1L1,-0.1023608073301223,0.19352698334381374,-0.30558853864486907,4.814838327046399e-05,171
DKC1,-0.10256885775152498,0.19261824943926895,0.15681723955245555,0.040530493688987985,171
MCMBP,-0.1030723397713195,0.19043197803056033,0.0706134774602795,0.35874214211037786,171
CCDC86,-0.10317921046477488,0.18997025129695638,0.05468842811868879,0.47743717238016575,171
NCBP1,-0.10357304778549528,0.18827575996364715,0.15362646316420026,0.044843775212082715,171
METTL1,-0.10357443478830465,0.18826981194607317,-0.0013703898591152894,0.9858073855165256,171
RNF169,-0.10415697596823217,0.18578377024859583,0.026092606914713528,0.7347903997056157,171
PPP1R12A,-0.10452730571832895,0.18421590943813676,-0.07601703747393639,0.32305890982091673,171
MAP7D3,-0.10454811076046922,0.1841281161627315,0.0688422905670622,0.37095340941693494,171
TERF2IP,-0.10510429888701908,0.18179247292341905,-0.23916783015809992,0.0016302683565802764,171
CHAF1A,-0.10512510392915936,0.18170552919583616,0.18938619854216487,0.013106028096426274,171
HELZ,-0.10522635513424199,0.18128283933931333,-0.02067104703425567,0.7884260190412911,171
SCYL2,-0.10546769362306911,0.1802782483049848,0.03156936638669443,0.6818812707698789,171
KLF3,-0.10604607379456858,0.17788737948862263,-0.24719217077798075,0.0011161564053131054,171
ADGRG1,-0.10610016690413328,0.17766497454235278,0.049774431669214615,0.5179477993123225,171
MAP1B,-0.10628047726934894,0.17692510604831255,-0.05070802476062591,0.5101180929213294,171
GTSE1,-0.10671599615148523,0.17514742353045687,0.2375982417730537,0.0017531525921127547,171
RTN1,-0.10712516198024385,0.17348936974832066,-0.4321600020160629,3.5863503270634974e-09,171
PRR14L,-0.10797955571080423,0.17006464281622674,0.024731816984558768,0.7481440860219659,171
KIAA1210,-0.10855035932717423,0.16780478437228002,0.05164072044031651,0.5023576378363339,171
COL17A1,-0.10891516455641455,0.1663722386743519,-0.16184289946828362,0.0344461253230346,171
EI24,-0.10900038977848674,0.16603888615474716,-0.08737495342536039,0.2558016813805818,171
DDX23,-0.1092750163347383,0.16496808913926514,-0.0850181708655509,0.26889728801068746,171
PRKAR2B,-0.10950525880109059,0.1640743261513743,-0.010786720178272622,0.888640905332093,171
RIN3,-0.10959957499212648,0.1637092516696044,-0.24224460738994893,0.001411897477223517,171
MLPH,-0.10961344502022001,0.16365561543806145,-0.07079947608388973,0.3574744914738305,171
HAAO,-0.1097355012674429,0.16318418224273462,-0.15498965307659515,0.042956231382147575,171
POLA1,-0.10981317342476658,0.16288470789948178,0.1748615060248869,0.02216709086919171,171
SART1,-0.10992968166075208,0.162436266581486,0.006711550334528733,0.9305744081683437,171
EIF4B,-0.10994355168884558,0.16238294223798957,-0.06929108724596686,0.3678352972987873,171
SRSF2,-0.11015021510743893,0.16158995875487778,0.017829468061939555,0.8169583338712425,171
SYTL5,-0.11254866743903463,0.15259772738424526,0.09008409516736342,0.24129897110952497,171
SRSF9,-0.11311146610540386,0.15054340746010075,-0.010856319663236448,0.8879270666558106,171
PALM3,-0.11336745997496503,0.14961592225520481,0.09246827054576942,0.22901904014486799,171
PDZRN3,-0.11417398935110731,0.14672203817183,-0.09358136364672721,0.22343951497619857,171
MED19,-0.11485076762833032,0.14432660496418373,0.06315073268458951,0.4118938296754487,171
CARHSP1,-0.11528073849922921,0.14282023745844252,0.09573769154109983,0.21290629905217487,171
PNN,-0.11737788674696831,0.13564389112664987,0.00700674815006495,0.9275289847620987,171
OSBPL10,-0.11752352204195016,0.1351559702782237,-0.07956781119821146,0.3009054042772539,171
FZD6,-0.11758732417118031,0.1349426381462535,0.015478685457730401,0.8407474385392588,171
HABP4,-0.11828914759271209,0.1326129683217562,-0.06514511792613907,0.3972547010413632,171
ZC3H14,-0.11924340552554573,0.1294950085017746,0.018323864403406716,0.8119756437372175,171
SOX10,-0.12281138016070575,0.118334616975594,0.2105263159041113,0.005712524452751353,171
SAFB2,-0.12359859434690865,0.11597596921017152,-0.03978210561242563,0.605430181986294,171
SOBP,-0.12375255165874666,0.11551899179891399,-0.06078915016029977,0.4296319560508572,171
KIAA1549L,-0.12408820633860965,0.11452756152436729,0.017475470681520104,0.8205305589308962,171
CHD2,-0.1241187204004154,0.11443776144705313,-0.07438744953288684,0.33357009969242246,171
TMPO,-0.12451679020669919,0.11327130159050285,0.08176739492129231,0.28769747167918286,171
HIVEP3,-0.12469016555786809,0.11276617163241615,-0.13833137634783996,0.07117890600397446,171
SIPA1L2,-0.1251811645523784,0.11134518492923184,0.028011392715698948,0.7160960707797988,171
TAB1,-0.1255695253389968,0.11023118781233651,-0.038651713977323525,0.6157257881459267,171
MYO9B,-0.12668328859490582,0.10708474463686565,-0.03467614339654511,0.6525237140991448,171
TSPYL2,-0.12751557861660898,0.10477983681941289,-0.07279150501776588,0.34407379350461503,171
DHX29,-0.1279385261373687,0.10362359164744922,-0.019583855079475937,0.7993115593676692,171
ICE2,-0.12853077633696172,0.10202142044927531,0.02533421252683186,0.7422231554577573,171
TBC1D10B,-0.12871108670217737,0.10153753809271134,0.127447456888842,0.09668354745984908,171
BCL2L13,-0.12871802171622412,0.1015189634506003,-0.16987314293877284,0.026333619410970167,171
CLIP1,-0.13111198856516437,0.09526553939682504,-0.062134340205893666,0.419474714332279,171
FGD6,-0.13273478185210535,0.09120320971846084,-0.10946198998129385,0.15410267335589967,171
DESI1,-0.1329719593325044,0.09062121561671412,-0.10606361512926714,0.16737534923056738,171
ANP32A,-0.13298999036902598,0.09057709177962144,0.05907796282308576,0.44275517803683995,171
HID1,-0.13348515037196437,0.08937206028960185,0.026408204579290866,0.7317045326045528,171
KAT7,-0.13350179440567658,0.08933177831395822,0.09753647823007866,0.20439532696969004,171
TMEM94,-0.13379861300687776,0.08861584611763784,0.050877223508555204,0.5087056819589288,171
TBX3,-0.13381803104620868,0.08856916954423753,0.0031931763704954336,0.9669371232526408,171
LRRC41,-0.1349234722852616,0.08594414738382304,0.21367161883005914,0.005014405205293199,171
TRA2B,-0.13554762354946967,0.08448974818424485,0.14190254992115614,0.06411400022525009,171
KIAA1671,-0.136682191847519,0.08189654454452097,-0.047392449295883744,0.5382000396297869,171
MAP3K3,-0.13837433527492754,0.07814815482175781,-0.18813940776841637,0.013730273198927178,171
PDE8A,-0.13972666301404502,0.07525305137210819,0.11227716914896851,0.14372127340167432,171
IER3,-0.13990836038207002,0.07487076548301906,0.13977496566527922,0.06825039739202873,171
UTP3,-0.14008173573323893,0.07450745530925909,-0.2684236136653072,0.00038564164102303114,171
ORC1,-0.14034526626701563,0.0739579579153891,0.20123491086169587,0.00830916074174143,171
KIF7,-0.1403757803288214,0.0738945444545131,0.21424521458545068,0.004895671682845835,171
HMGXB4,-0.14056441271089315,0.07350351082895146,0.11554354497778796,0.1323521978360615,171
OFD1,-0.14062544083450462,0.07337735948217634,0.08764135145401501,0.25434954139594995,171
ZCCHC8,-0.1440943348606921,0.06649024230448687,-0.020666247069775406,0.78847399063351,171
PCF11,-0.14414704096744746,0.06638981615625757,-0.11160757410397174,0.14614097058634823,171
FRS2,-0.14478644926255835,0.06518131925378441,0.0617983426922752,0.42199856094086907,171
PHF2,-0.14525386920930974,0.06430930514263213,0.08003220776167698,0.2980840115196341,171
SSX2IP,-0.14540505251552902,0.06402930946600317,0.17962077857870568,0.01873458108118813,171
NAB1,-0.1454910466897088,0.06387049131815124,0.1485001010992786,0.05257332744639832,171
ZNF652,-0.1455451397992735,0.06377075481480687,0.01672787621371903,0.8280866638253886,171
TBC1D1,-0.14990726363468318,0.05613762562635676,-0.06874749126857699,0.37161412209484185,171
ELP2,-0.15526802949282575,0.04780554846443798,0.1683323543406082,0.027749129065596224,171
ACACB,-0.1555371080378399,0.0474160429808317,-0.10699360824731825,0.16366137896405178,171
PHC2,-0.15665364529936765,0.045827929529079124,-0.01427029439982401,0.8530337069042719,171
GAS2L1,-0.1568034416027776,0.045618282497162745,-0.08922533973250205,0.24583261966872444,171
CRYBG1,-0.1573471467040433,0.04486405610371865,-0.0854189678996529,0.2666386270365679,171
ANKRD11,-0.1579158178558773,0.04408637242861733,0.005440759738378916,0.943695538451631,171
CEP295,-0.15832359668182658,0.043535683284452176,0.03297575597941169,0.6685290719905619,171
MED17,-0.15852066089553862,0.04327162586749764,0.027064615960611466,0.7253000485602867,171
CDCA5,-0.15889781584489798,0.042769992298573006,0.16835515417188945,0.02772771826463071,171
SUN2,-0.1600157401092351,0.041311633906307904,0.025870608557501333,0.736963615316625,171
SETMAR,-0.1606705167393402,0.04047700362172245,0.1318875031649785,0.08551925260118061,171
SH2D4A,-0.16218501250306044,0.038600641403328535,0.04025250213149147,0.6011684505730411,171
EHBP1,-0.1635430015474132,0.036980974277105685,0.24255075065489556,0.0013917008217539989,171
TRIM29,-0.1637148766017749,0.03678012702553089,0.06722830251057353,0.3823007161885416,171
PRPF38A,-0.16677183079358504,0.033358796110396584,0.20869405566402566,0.0061581224984946364,171
HPS5,-0.16817409063383915,0.031882003967347,-0.15226087326956522,0.046803658344585296,171
RBM14,-0.1689230721508888,0.031116220536231518,0.18134385805548303,0.017610814654054594,171
SF3B2,-0.1692850798841295,0.030751733371410583,0.028313790477955562,0.7131648664498561,171
OCIAD1,-0.17097110023869028,0.02910164282185979,-0.16583647231198828,0.030179986477268998,171
CREBZF,-0.17133923104477872,0.02875157488445251,-0.00856313663279046,0.9114908485474351,171
PITPNC1,-0.1729814423710506,0.027233365854217786,-0.20994204642889422,0.005851381619580129,171
RPL18A,-0.17371932786562547,0.02657383625554327,0.13358901144133942,0.08152484625145792,171
LRP4,-0.17381364405666133,0.026490528831221383,0.07380905381301507,0.33735287246702067,171
CBX8,-0.17426580697250985,0.0260942406342853,0.11653353765184236,0.129046429961836,171
RNF34,-0.17571383790547254,0.024859125940870173,-0.20056051585221882,0.008533143452854997,171
ARFGAP3,-0.17676934704338887,0.023990731237677206,-0.02432741997709655,0.7521271933582985,171
UBE2O,-0.17788727130772594,0.023099530901235128,0.05062882534670155,0.5107799193278787,171
PRRG4,-0.1800939927774038,0.02142368142361268,0.006548351542199768,0.9322584923027045,171
MARK1,-0.18419813409027416,0.01858446517345052,-0.0987532692258255,0.19877889514486902,171
COBLL1,-0.18683205242523218,0.016939369592744016,-0.13151662677698553,0.08641038893891359,171
CNOT2,-0.18875998633023042,0.015816890782692414,0.0053039607506914005,0.9451089776568197,171
SOWAHA,-0.19010481724852452,0.015072795928613145,0.07209310976685358,0.34873537944209837,171
PITPNB,-0.19227881245755454,0.01393445431991857,-0.046432456399831006,0.5464720514651458,171
POLDIP3,-0.19308050008135955,0.01353406240619299,0.09828047272451954,0.2009477854475167,171
SNX1,-0.19366442826409644,0.013248800860613544,-0.07604943723417816,0.3228521183093406,171
FHOD3,-0.19378093650008196,0.01319251846183884,0.09399770441700424,0.2213775226016698,171
LNX1,-0.20075201261988132,0.010183991730249439,0.02767659519320055,0.7193461749457188,171
DENND2B,-0.20143719200770085,0.009923819944048258,-0.15235207259469025,0.046670580370116524,171
THOC5,-0.20170349654709627,0.009824294457421943,0.0568819790733651,0.45992444554812495,171
SNX33,-0.20266885050240477,0.009470861154499055,-0.12195869750566043,0.11204750026849887,171
KIF23,-0.20342338003069185,0.009202484752625481,0.21391761700967263,0.004963171465983306,171
CTPS1,-0.20697133321701233,0.008028618230297298,0.18238185037434007,0.016962505016604616,171
HIRIP3,-0.2130103434489277,0.006333270206573071,0.09100612655467989,0.23649657283320052,171
SNRPA1,-0.21691198235163273,0.005415391567884257,0.10984598713971495,0.1526542567232146,171
CARD14,-0.22089491394307403,0.004602940253321859,0.04705408003225578,0.5411085607166186,171
PRKAB1,-0.23594859590997866,0.0024282927486812653,-0.009999526003509375,0.8967207629231048,171
SHROOM2,-0.2541682648136167,0.0010604943281253363,-0.054445997099631264,0.47939462035218267,171
P4HB,-0.26038342440231965,0.0007883145535232548,0.04088729743400635,0.595438673001745,171
HDGFL3,-0.2701923082700517,0.00048638676174989667,0.196541745591118,0.009982187507065015,171
MCTP2,-0.2788693978453531,0.000312458398543842,-0.08704135589398206,0.2576281646184952,171
EIF4ENIF1,-0.28300960123126656,0.00025168075906262396,0.07851301900367351,0.3073789866300061,171
CANT1,-0.2882760508983733,0.00019021090954147052,0.1334306126134907,0.08189024663382698,171
FAM169A,-0.2890472244603726,0.0001824848430197508,-0.1369621864798447,0.07405003014067302,171
ST13,-0.29109444060697504,0.00016336911544029956,0.11525554710897215,0.13332598026717452,171
