job_id,uniprot_id,position,has_structure,note,pdb_id,chain_id,pdb_residue_number,resolution,experimental_method,relative_sasa,accessibility
ZFC3H1_S1046,O60293,1046,False,No structural coverage - presumed disordered/inconclusive,,,,,,,
EMSY_T207,Q7Z589,207,False,No structural coverage - presumed disordered/inconclusive,,,,,,,
MLLT6_S218,P55198,218,False,No structural coverage - presumed disordered/inconclusive,,,,,,,
CREBZF_S189,Q9NS37,189,False,No structural coverage - presumed disordered/inconclusive,,,,,,,
PBRM1_S39,Q86U86,39,True,Residue not resolved at this exact number in the PDB file (gap/insertion) - check manually,7y8r,U,39.0,4.4,Electron Microscopy,,
LBR_S97,Q14739,97,False,No structural coverage - presumed disordered/inconclusive,,,,,,,
TOR4A_S97,Q9NXH8,97,False,No structural coverage - presumed disordered/inconclusive,,,,,,,
PRKD1_S205,Q15139,205,False,No structural coverage - presumed disordered/inconclusive,,,,,,,
TMEM131_S1155,Q92545,1155,False,No structural coverage - presumed disordered/inconclusive,,,,,,,
KDM3B_S289,Q7LBC6,289,False,No structural coverage - presumed disordered/inconclusive,,,,,,,
SLC66A2_S110,Q8N2U9,110,False,No structural coverage - presumed disordered/inconclusive,,,,,,,
SRRM2_S1923,Q9UQ35,1923,True,Structure found but download failed,8c6j,R,1923.0,2.8,Electron Microscopy,,
LPIN1_S162,Q14693,162,False,No structural coverage - presumed disordered/inconclusive,,,,,,,
TRA2A_S96,Q13595,96,False,No structural coverage - presumed disordered/inconclusive,,,,,,,
SRSF10_S129,O75494,129,False,No structural coverage - presumed disordered/inconclusive,,,,,,,
SCAF1_S612,Q9H7N4,612,False,No structural coverage - presumed disordered/inconclusive,,,,,,,
BAHD1_T588,Q8TBE0,588,False,No structural coverage - presumed disordered/inconclusive,,,,,,,
KMT2B_S1917,Q9UMN6,1917,False,No structural coverage - presumed disordered/inconclusive,,,,,,,
MLPH_S510,Q9BV36,510,False,No structural coverage - presumed disordered/inconclusive,,,,,,,
ZRANB2_T303,O95218,303,False,No structural coverage - presumed disordered/inconclusive,,,,,,,
RGL2_S736,O15211,736,True,Residue not resolved at this exact number in the PDB file (gap/insertion) - check manually,8b69,A,96.0,3.07,X-ray diffraction,,
ZNF518A_S655,Q6AHZ1,655,False,No structural coverage - presumed disordered/inconclusive,,,,,,,
FHOD3_S366,Q2V2M9,366,False,No structural coverage - presumed disordered/inconclusive,,,,,,,
EI24_S46,O14681,46,False,No structural coverage - presumed disordered/inconclusive,,,,,,,
PDE3A_S293,Q14432,293,False,No structural coverage - presumed disordered/inconclusive,,,,,,,
