,site,uniprot_id,position,pssm_score
1,ZFC3H1 S1046,O60293,1046,12.53
2,EMSY T207,Q7Z589,207,12.4
3,MLLT6 S218,P55198,218,12.32
4,CREBZF S189,Q9NS37,189,12.18
5,PBRM1 S39,Q86U86,39,12.07
6,LBR S97,Q14739,97,11.98
7,TOR4A S97,Q9NXH8,97,11.88
8,PRKD1 S205,Q15139,205,11.7
9,TMEM131 S1155,Q92545,1155,11.66
10,KDM3B S289,Q7LBC6,289,11.66
11,SLC66A2 S110,Q8N2U9,110,11.57
12,SRRM2 S1923,Q9UQ35,1923,11.57
13,LPIN1 S162,Q14693,162,11.52
14,TRA2A S96,Q13595,96,11.52
15,SRSF10 S129,O75494,129,11.52
16,SCAF1 S612,Q9H7N4,612,11.5
17,BAHD1 T588,Q8TBE0,588,11.5
18,KMT2B S1917,Q9UMN6,1917,11.42
19,MLPH S510,Q9BV36,510,11.4
20,ZRANB2 T303,O95218,303,11.39
